text,target
aquela vontade de acabar com a minha vida voltou,1
to triste e com vontade de acabar com a minha vida,1
corinthians ta querendo acabar com minha vida mesmo,0
alguem poderia por favor me dar um tiro a acabar com a minha vida,1
taylor tu vai acabar com a minha vida mulher,0
eu vou assistir o jogo todo puto mais uma vez. esse velho maldito vai conseguir acabar com a minha vida,0
alguem pode me.indicar uma serie uma boa que vai acabar com a minha vida social pelas proximas semanas??,0
tenho 76 slides p estudar obg faculdade por acabar com a minha vida social,0
eu nao concordei com um tweet da fernanda agora ela desenterrou um hit meu pra acabar com a minha vida acho lindo a amizade pos-moderna,0
sessao de foto pra acabar com a minha vida esse fudido ...,0
quem te deu permissao pra acabar com a minha vida desse jeito seu fdp te amo demais bixo escroto da minha vida todinha <3<3<3,0
se eu decidir acabar com minha vida hoje vai ser otimo porque realmente eu nao aguento mais,1
galo vai acabar com minha vida academica,0
escola vai acabar com minha vida social e isso,0
que lindo tem resumo e report de ing e ainda mais slides de artes tudo pra seg sendo e vespera de prova esses projetos tao tentando acabar com minha vida juro,0
esse meu vizinho quer acabar com a minha vida colocando esses pagodes que doi ate a alma.,0
a madonna quer acabar com a minha vida mesmo pic.twitter.com/s23kg7ocn5,0
eu nao penso em suicidio ha uns dois anos mas isso nao significa que eu nao pense em morrer. eu nunca faria algo para acabar com minha vida mas eu desejo o fim dela frequentemente. e estranho,1
a unica pessoa que eu podia desabafar e de fato me entendia eu consegui deixar escapar e como me disseram isso foi o gatilho que faltava pra me dar coragem de acabar com a minha vida . mas calma. ninguem tem culpa de nada. ninguem alem de mim.,1
esse professor de comunicacao meios e significados quer acabar com minha vida,0
eu ouco que e coisa da minha idade e que vai passar que eu so to em uma baita crise existencial. se fosse so isso eu nao estaria nesse ponto de ja ter tentando acabar com a minha vida poxa ninguem consegue se colocar no meu lugar? nao e impossivel.,1
jungkook voce ama acabar com a minha vida ne??,0
game of thrones esta voltando para acabar com minha vida,0
vontade mesmo de mandar tudo pro ar e ate mesmo acabar com minha vida,1
e eu achando que essas fotos nao iriam acabar com a minha vida ate after 2 pic.twitter.com/y9kof4prdn,0
ela vai voltar pra acabar com a minha vida ...,0
eu hoje falando que a comunidade lgbt+ entrou num padrao e namora pessoas iguais a si e que e comum o preterimento do negro e a objetificacao da mulher negra e etc com um casal gay branco atras de mim que podia me acusar de homofobia e acabar com a minha vida,0
alias por isso que eu nao assino. pra nao acabar com a minha vida social,0
eu mando cada foto pro romulo e pra maria que se um dia eles quiserem acabar com a minha vida ta facinho,0
essa conta ainda vai acabar com a minha vida ...,0
desgracada fdp fazendo macumbinhaaaa pra acabar com a minha vida achando que eu nao ia saber,0
mulheres ruivas vao acabar com minha vida,0
essa tequila vai acabar com a minha vida kkkkkk,0
hj as 21h47 minha mae me bate me deixando machucada e me ameaca apenas por eu falar que estou namorando uma garota... serio eu nao to bem eu acho que vou acabar com a minha vida de vez... entao... e isso estou machucada mais a morte vai me fazer esquecer isso,1
nossa outra igual eu nunca vi na vida ela e puro embalo e disparo e de parar a avenida ja e pura adrenalina no meu coracao essa sensacao mina tu vai acabar com a minha vida,0
o problema e que meu coracao sempre fala de mais sai dizendo cada eu te amo pra quem nao devia dessa vez ele escolheu voce pra acabar com a minha vida outra vez to colecionando garrafas vazias,0
pensando em como vou pegar uma barra de chocolate e comer tudo sem minha mae perceber e acabar com minha vida antes de eu repor,0
o bayern querer contratar o werner e pra querer acabar com a minha vida de vez.,0
maravilha meu pai vai tirar meu celular de novo e meu psicologico esta 100% abalado se eu nao acabar com minha vida hj...,1
saber que o louco do bira pode acabar com minha vida com um simples gesto me preocupa,0
o mej quer acabar com a minha vida,0
maldito sertanejo pra acabar com a minha vida,0
mesmo tendo provavelmente umas 3 provas que vao acabar com a minha vida,0
assistindo this is us pra acabar com a minha vida de vez,0
matheus e kauan para de acabar com minha vida agora,0
o problema e que meu coracao sempre fala demais sai dizendo cada eu te amo pra quem nao devia dessa vez ele escolheu voce pra acabar com a minha vida,0
salario caindo em pleno sabadou e hj tem logo o show do turma do pagode vou acabar com a minha vida mais uma vezzzz,0
taylor swift esta voltando para acabar com a minha vida,0
o objetivo de yuri ontem no role foi acabar com a minha vida so isso,0
eu preciso acabar com minha vida o mais rapido possivel,1
heloisa vai acabar com a minha vida kkkkkkk prevejo,0
dessa vez ele escolheu voce pra acabar com a minha vida,0
taylor swift esta voltando para acabar com a minha vida !,0
a porra dessa uber eats quer acabar com minha vida social,0
esss relatorio de estagio vai acabar com a minha vida social eu sinto,0
se aquele menino nao acabar com minha vida .. nao considero ele fdp,0
nossa estou cansado de viver,1
to tao cansado dessa vida. to tao cansado de nao conseguir ser feliz de nao ver luz no fim do tunel. to realmente bem cansado de viver assim.,1
oficialmente cansado de viver,1
primeiro capitulo no ar! ''ian thompson esta cansado de viver a vida que seus pais escolheram para ele e por isso decide voltar para sua cidade natal charleston e alugar um apartamento proximo a casa do avo... ...,0
tou tao cansado de viver .,1
cansado de viver em um pais que so anuncia tragedias lixo,0
na porta ao lado volta amanha para o wattpad e hoje ganhou capa e sinopse novas! ''ian thompson esta cansado de viver a vida que seus pais escolheram para ele e por isso decide voltar para sua cidade natal... ...,0
cansado de viver chega de ser um tormento na vida das pessoas,1
"oq vc tem? ""nada e so cansaco"" cansaco psicologico... cansado de viver isso sim.",1
cansado com dor de cabeca e sem vontade de viver,1
sabe o que e estar cansado de viver ?? pse to nesse nivel ja,1
realmente to cansado de viver,1
tem como nao acordar mais to cansado de viver isso todo dia,1
ai namoral? a existencia cansa to cansado de viver,1
voce esta triste e cansado de viver a vida em um carrossel e voce nao pode encontrar o lutador mas eu vejo isso em voce entao nos vamos caminhar com isso e mover montanhas nos vamos caminhar com isso e mover montanhas,0
cansado de viver dividido entre politica e varejo. as urgencias sao as mesmas e tudo e pra ontem.,0
voce esta triste e cansado de viver a vida em um carrossel. voce nao pode encontrar o lutador mas eu vejo isso em voce entao nos vamos caminhar com isso e mover montanhas !,0
e eu to tao cansado de viver longe das pessoas que eu gosto..,0
cansado de viver uma vida baseada em estacoes,0
cada vez mais cansado de viver ....,1
atencao jovens deem o banco para os idosos se tu tem 20 anos e ja ta cansado de viver entao imagina a porra do idoso da o banco pro idoso filha da pita,0
eu nunca tinha entendido isso. mas agora eu entendo. eu to cansado de viver .,1
um dia voce ta brincando com seus brinquedos jogando seu video game e cansado de viver por causa dos seus tramas de escola. no outro esta vendo tudo isso na vida de outra pessoa que voce gerou. a vida e uma bala parceiro! aproveita cada segundo.,0
e que a gente nao quer so comida mas tamo cansado de viver do pecado.,0
a gente vai lutar e se precisar vamo fazer revolucao e guerra. tamo cansado de viver em um pais racista onde so branco tem vez!,0
meme do tom cansado de viver ...,0
cansado de viver pelas posicoes de outros eu quero viver pra me agradaaaaar,0
a tristeza tenta a esperanca me roubar o coracao cansado de viver a frustracao de esperar mas deus nao vai deixar que o tempo possa sufocar preciso aprender a confiar e esperar.....,0
to cansado de viver duro,0
eu to cansado de viver isso qria que tudo acabasse,1
to cansado de viver mesmo,1
aff cansado de viver e serio,1
sei la so queria dormir pra sempre,1
dai voce mistura um monte de remedios esperando sei la dormir pra sempre ??? e acorda ja no dia seguinte so com uma dor no estomago absurda ???? acordada triste com dor no estomago mais azarada que eu???,1
chuvinha otima pra dormir pra sempre,0
carai esse clima da vontade de dormir pra sempre,0
cara so queria dormir pra sempre ate tudo isso passar ainda nao superei nada,1
eu queria dormir pra sempre deve ser mt bom,1
quero dormir pra sempre tem como?,1
meu sonho e dormir pra sempre mas quem dorme pra sempre eh quem morre mas eu nao quero morrer so quero dormir pra sempre msm.,0
so quero dormir pra sempre a,1
so quero dormir pra sempre,1
to so pensando: aquele dia a gente acorda com vontade de dormir pra sempre porque tudo esta uma bosta,1
isso e verdade queria dormir pra sempre,1
odeio a minha vida eu so queria dormir pra sempre e nunca acordar,1
o tanto de coisa que eu vou ter que fazer amanha...sla so queria dormir pra sempre,0
se vc dormir pra sempre nao vai mais dar risada das merdas que eu falo enquanto a gente almoca,0
momento que eu nao sei o que to sentindo e to sem proposito nenhumqueria dormir pra sempre,1
que vontade de dormir pra sempre,1
queria dormir pra sempre sabe,1
eu me sinto horrivel. eu prometi pra tanta gente que iria tentar melhorar mas as coisas so pioram e pioram. tudo dentro de mim doi de uma maneira insuportavel eu nem quero mais que as pessoas entendam. nao quero tentar explicar ou melhorar eu so quero dormir pra sempre .,1
vontade de dormir pra sempre,1
ah irmao sei la so queria dormir pra sempre,1
so queria dormir pra sempre ..,1
sou gorda sofri mt bullying e nunca vou conseguir ter uma vida boa porque a crise de ansiedade e depressao tomaram conta de mim so queria dormir pra sempre,1
to descrente da minha vida angustia sem motivo vontade de dormir pra sempre,1
porque ultimamente puf so queria dormir pra sempre,1
vontade de dormir pra sempre,1
to cansada quero dormir pra sempre ....,1
cansada demais queria dormir pra sempre,1
voce deve estar morto amigo kkkk,0
a mas como o jon vai matar matar o rei da noite se ele vai estar morto ??? pare de procurar logica num serie que tem dragoes,0
amnha vou estar morto na escola (ressaca),0
e que nao vai ficar no trono de ferro porque vai estar morto obrigado ...,0
o brook e um morto que comeu a fruta que impede que ele morra e ele comeu isso dps de estar morto e agr ele e um esqueleto vivo e morto,0
ei kunikida que tal voce parar de brincar de estar morto e tentar aparecer no novo capitulo mes que vem,0
morrer nao deveria ser tabu se pessoa quer morrer deixa ela morrer inferno afinal vai estar morto entao vai ter nem como se arrepender a vidas dos outros segue normal .. ninguem vai se parar porque alguem morre as viver e igual uma tortura dentro da propria bolha,1
ele pode estar no chao ele pode estar deitado ele pode estar morto ele pode estar de costas eu nao duvido nunca de stephen curry -,0
ruben branco faz piadas para quem merecia estar morto,0
"spider groot gamora e loki (ele pode nao estar morto mas em iw mostrou a ""morte"" entao conta)",0
so queria estar morto neste momento,1
vou chegar em casa e o cachorro vai estar morto de fome mas estou me sentindo bem demais onde estou,0
"uma frase que ache inspiradora  ""viver sem uma paixao e como estar morto "". me faz acreditar no amor entao eu gosto bastante. ...",0
devido o michael jackson ja estar morto e nao poder se defender eles acusam o documentario de calunia e esse tambem e um dos fatores responsaveis pelas acoes contra ele. nao quer dizer que o documentario e mentira,0
ai mais umas vez vo falar queria estar morto,1
absurdo e nao ter cancelado o cpf. eu aprendi que ao sacar a arma e para mandar chumbo quente e depois pode conversar um pouco se desejar com o quase morto tipo padre passando a extrema uncao. ele podia estar morto e a mulher tambem. ...,0
irmao queria estar morto .,1
e capaz de meu futuro neto estar morto e esse anime/manga ainda existir.,0
senhor o dia que alguem sentir ciumes de mim eu vou estar morto cm ctz porque vivo nao vai acontecer nunca,0
planejava estar morto agora.,1
parou porque quis garoto se estar morto e ser como a miley pqp mais da metade dos artistas queriam estar mortoskkkkk nao adianta chorar ariana e muito artista mas nao ta no pedestal que vcs a colocam bjs nego,0
vontade de estar morto esta mesmo grande nem imaginam,1
ata o michael passou de estar morto a estar no meio de uma guerra civil no iraque que e basicamente o mesmo,0
passar o dia do beijo sem beijar ngm e triste mas tu ja passou o dia dos finados sem estar morto ?,0
kkkkkjjk noooossa fi se o will faz isso cmg ele pode ate nao estar morto de verdade mas eu mato dps dessa palhacada,0
queria ficar bebado sem estar morto no outro dia nao ta facil,0
eu queria estar morto,1
tem que ser 2 rins msm porque pra ir no show do xxx tem que estar morto msm,0
e tipo algo que nunca aconteceria no mundo real e que vc nunca iria admitir que adoraria que acontecesse com vc mas que no fundo vc gostaria porque fala serio quem nao ama um cliche romantico haha se vc nao ama deve estar morto por dentro ~brincadeirinha ~,0
o erro da ditadura foi tortura e nao matar ... zico teve um irmao torturado ... ainda assim apoia quem acha que o irmao dele deveria estar morto ! na verdade morto quem esta e o zico a morte moral e a pior de todas as mortes,0
vai jogar virado eu vou estar morto e ainda tendo que dividir atencoes com a arbitragem to sentindo que e o dia do brilhar,0
queria estar morto . ha tempos.,1
nao e que eu queria morrer porque doi e a minha vida e uma bosta eu quero morrer porque assim e bem mais facil saca? morri acabou. se eu morro nao preciso me preocupar com nada referente a aparencia porque eu vou estar morto entao eu quero morrer porque e mais facil,1
eu sei foi so uma brincadeira. sorte do cidadao ja estar morto do contrario seria linchado.,0
porque nao ? eu nao quero pagar pra manter bandido la que merece estar morto e ate o mesmo os que merecem estar la eai como faz?,0
nao sei o que e pior viver ou nao estar morto,1
eu: palpatine seu fdp vc deveria estar morto also palpatine : ...,0
eu preferia estar morto,1
vi tao sublime a chuva caindo e nao pude toca-la a sensacao de vida que acompanha a chuva me foi tirada agora so me resta a sensacao de estar morto ... e agoniante morrer enquanto ainda respiraacordando todas manhas vivo dentro do mesmo corpo que pode ser intitulado de prisao..,1
posso estar morto de cansaco e ter me fodido muito no servico nos ultimos 3 dias mas porra esse mapeamento me rendeu muita risada e umas vistas do crl,0
gente mulher sem nocaoele poderia estar morto ! suicidio ou na cadeia prq ate os bandidos nao aceitam esse tipo de crime.ele e um escolhido de deus... muito abencoado!,0
"porque aquilo que a a rey tava olhando era a estrela da morte ne? aqueles destrocos. entao faz ""sentido"" (tirando o fato de que ele deveria estar morto ) a risada no final ser do imperador",0
olha... episodios 1 ao 3 e prometheus me fizeram eu achar que qualquer sequencia de ficcao vai ser bem ruim. ai se for bom vai ser uma boa surpresa e se for ruim vao estar simplesmente entregando o que eu esperava. em outras palavras e bom estar morto por dentro.,0
sem a sakura sasori nao ia estar morto pois a chyo sozinho ia perder pra ele.,0
a sensacao de estar morto por dentro e horrivel,1
nessa altura ele vai estar morto depois de anos a mamar uma belissima pensao de velhice que negam as geracoes mais novas ...,0
levando em conta que a cersei ta na lista da arya de pessoas que ela quer matar desde a season 2 seria o fan service perfeito ela riscando mais um nome da lista matando a cersei ainda mais com o rosto do jamie (mas pra isso ele teria que estar morto ),0
eu sei que eu estaria melhor morto,1
meu amor proprio foi violado minha privacidade foi revirada e ainda encontro ainda encontro repetindo em minha mente se nao posso ser eu mesmo eu me sentiria melhor morto,1
se nao posso ser eu mesmo eu me sentiria melhor morto !,1
eu estaria melhor morto,1
tem uma voz na minha cabeca dizendo que eu estaria melhor morto,1
e quer saber eu estaria melhor morto,1
haddad nunca foi homofobico aonde o povo ta com a cabeca. os bolsonaros que saem dizendo por ai que filho gay e melhor morto e nao o ...,0
se eu sinto falta de alguma amizade que eu tinha? posso ate ter mas se a pessoa ta melhor sem mim oq que eu posso fazer ne,0
todo mundo e melhor sem mim eu so dou desgosto,1
eu sabia que tudo e melhor sem mim .,1
por muito que goste de ti ao fim do dia sei que estas melhor sem mim e nao ha nada que eu possa fazer...,0
sinto tanto a tua falta mas sei que esta melhor sem mim,0
eu nao me dou ao luxo de sair da vida de ninguem a menos que a pessoa realmente esteja melhor sem mim o que sabemos que nao acontece ne?,0
cada vez tenho mais certeza de que nao faco falta em lugar nenhum e tudo e melhor sem mim .,1
a vida de muitas pessoas seria melhor sem mim por perto,1
o mundo seria melhor sem mim,1
nao sente falta da amizade do guilherme??  sentir eu sinto mas ele ta melhor sem mim ...,0
"alem disso e uma proposta muitas vezes egoista a pessoa ta melhor sem mim pra que impor uma dr e uma tentativa de reconciliacao senao pra afagar meu ego que ta dizendo ""ela te odeia vai resolver isso""?",0
eu sou um completo desastre em todos os aspectos da vida um inutil de verdade (ja falaram isso pra mim ) o mundo vai ser um lugar melhor sem mim,1
nao vou te chamar tu ta melhor sem mim  curte alguma coisa quero saber quem e ...,0
mas eu sei que ela vai ficar melhor sem mim,0
se ela ta melhor sem mim vou correr atras pra que ju?,0
para de fingir que ta melhor sem mim besta e deixa eu cuida de voce,0
preciso comecar a fazer terapia essas crises uma hr vai me matar,1
egua eu quero me matar real sem meme,1
meus pais estao com medo deu me matar,1
quebrei pela segunda vez meu oculos meu pai vai me matar real,0
o que fiz no fds inteiro? tudo menos estudar mas faco de consciencia limpa pois nao vou me matar uma por uma coisa que ja esta me matando,0
socorro enxaqueca vai me matar,0
as vezes da tanta vontade de me cortar outra vez mas realmente nao vai fazer a diferenca eu tinha e que me matar,1
tenho pressao alta mozi kkkkkkkkkk quer me matar e?,0
rapaz se esse programa de hj nao me matar de rir nada mais me matara,1
minha mae vai me matar quando descobrir que assinei esse pacote pelo cartao dela.,1
vc quer me matar do coracao filho? aquele papelao do lean juca no armario. cristo,1
a nicol foi ao meu telemovel na conta privada e meteu na foto dele! aptece me matar te!,1
ja falei que voce vai me matar do coracao ok?,1
essa ej vai me matar ainda se nao for de felicidade vai ser de desespero,1
incrivel o jeito que ela consegue me matar em 9s pic.twitter.com/yykbrnxj4x,0
amanha tenho dentista ela vai me matar amanha,0
essa sdds ainda vai me matar,0
meu pai pediu japa e eu vou comprar meu hamburguer vou me matar de tanto comer,0
so hoje eu comi um bolo inteiro vem gluten me matar pic.twitter.com/ovmyk0ksgr,0
puta que me pariu acabei de descobrir que tenho prova amanha eu vou me matar aaaacaralhooo,0
quer me matar de odio e acordar minha filha atoa tomar no meio do cu,0
hoje eu sonhei que uma menina qie faz rp la na univali tentava me matar hsbshshs que horror,0
filha da puta no meio da praia falou que queria pegar pedra pra jogar na minha cabeca que ia me matar . flamenguista e uma desgraca msm ne,0
vou me matar irmao puta que pariu como pode ser tao idiota e filha da puta,1
so hoje ja quis me matar 10 vezes grande dia,1
meu pai vai me matar,0
meu irmao vai me matar de rir kkkkkkkkllkkk,0
vem matar a saudade antes dela me matar,0
sujei a casa inteira de rosa mamae vai me matar,0
minha mae vai me matar,0
incrivel como meu pai me faz passar da euforia do borderline pra querer perguntar pra drogadinho na rua se tem arma pra me matar que eu pagava no dia do meu aniversario.,1
minha sogra vai me matar uma hora,0
quer me matar de raiva e nao me dar atencao,0
o pior e que antes das eleicoes esse menino era um cavalheiro chegava e beijava minha mao agr do nada toda vez que ele me ve fala que vai pegar uma arma e me matar,0
menina.. quer me matar do coracao????,0
o ciumes ainda vai me matar um dia,0
to brisando em voce to querendo te ver to puxando assunto pra vc me responder.. vem mas vem pra ficar sem hora pra voltar vem matar a saudade antes dela me matar .......,0
yuri vai me matar mane pqp,0
descobri o curiouscat acho legal quem quiser me matar por mensagem ou mandar mensagem de carinho fique a vontade,0
vasco ainda vai me matar e ta bem perto muito perto msm,0
caralho eu so queria me matar o que custaaaa pic.twitter.com/uuegewxqyi,1
como me matar sem deixar minha mae triste,1
ansiosa p receber o guilherme em cps e ele me matar sufocada de noite *-*,0
ai meu que vontade de me matar,1
o menino ta assistindo magic mike e coloca na legenda que ta aprendendo a dancar. e pra me matar do coracao mesmo ne,0
bicho ta passando o penultimo episodio da setima temporada tu e doida hbo quer me matar assim,0
eu conversando sobre o ceu pra o moco nao me matar dificil ser mulher,0
o fato de eu ser cristao n quer dizer que tenho que amar pessoas que seguem a ideologia que mais assassinou cristaos na historia universal. amo pessoas e odeio ideologia que quer me matar . esquerda e assassina. e eu odeio assassino,0
valeu a pena pelos seguintes motivos: estava com saudade dessa corna e a gente riu pra caralho e o hero e gosto suficiente pra me fazer ficar olhando pra tela de cinema sem querer me matar,0
adoro ouvir a tua voz ficar perto de voce essa distancia quer me matar,0
que vontade de queimar tudo fugir pra outro pais e comecar uma nova vida ou sei la me matar,1
ja comecei com: desculpa vc vai me matar,0
irmao a agonia ainda vai me matar me corroendo por dentro,1
eu nao vou me matar pra pagar 70 reais em ingresso pra final de rural nao podia mandar a porra do jogo pra porra do mineirao mas ta com medo e leva pro independencia pra colocar um preco abusivo desse,0
essa mania de guardar as coisas isso ainda vai me matar,0
seja fotografo da sua namorada ela vai querer me matar mas preciso postar essa obra de arte que tirei kdkgkh pic.twitter.com/8dhi2oivdi,0
c quer me matar de raiva isadora,0
quase engasguei com maca agora opa! tem uma bruxa malvada disfarcada de madastra da branca de neve tentando me matar ?,0
eu aceitei bebida de um estranho se minha mae souber ela vai me matar,0
acabei meus trabalhos agr a ansiedade p 22:30 ta imensa ja comprei o desfibrilador p minha arritmia nao me matar durante o epd,0
pensando em quem deve morrer em got enquanto a colica tenta me matar,0
pfvr alguem pode ficar 24h por dia cmg ate eu nao querer me matar mais,1
avaliacoes bimestrais = desespero vai essa aqui mesmo e minha mae vai me matar .,0
essa semana nao preciso me matar de estudar pra prova de quinta,0
"pede pra eu ligar pra ela e eu tenho que me matar pra puxar assunto com essa praga pra ela me responder com"" aaa taaa"".",0
ah nao cara... percebi que escrevi uma anamnese a mao com artigo de bioquimica atras meu deus do ceu vou me matar (sera que da pra entregar assim mesmo?),0
comi muito hoje amanha vou me matar na academia,0
o que sugere querida? uma prece a afrodite? ou devo fazer uma oferenda para o rei dos mares agradecendo por ele quase me matar afogada?,0
gente lua ta em leao e a venus em peixes puta que pariu quer me matar astrologia ?????????,0
a rihanna eh mt linda cara sera que se ela nao me matar eu tenho chance de casar com ela,0
a madonna quer me matar msm,0
leo conseguiu quase me matar do coracao viu filho da puta,0
ela vai me matar mas olha isso pic.twitter.com/ntmf4jd7js,0
galo vai me matar do coracao uai kkk nao sei se tenho psicologico pra isso,0
o fabio ainda vai me matar tentando driblar atacante uma hora isso vai dar merda,0
hoje aprendi uma nova palavra com minha irmazinha especiante (especial) - o ta voce e muito especiante essa menina ainda vai me matar de amor,0
projeto vai me matar esse periodo certeza,0
to aponto de me matar irmao,1
escola porque tentas me matar ?,0
crise de depressao e assim voce passa o dia fingindo esta bem. mas agora estou sentada na frente da tv tentando conter a vontade de me matar . e nao tem nenhum motivo aparente,1
minha mae ia me matar sem condicoes mas so dava pra comprar 3 tambem,0
meu pai quer me matar de odio olha a foto que ele me mandou pic.twitter.com/uvf7bledqy,0
a beleza dessa carinha gente aff podia me matar ...,0
vcs vao me matar se eu postar foto no insta novamente?,0
pior que se eu chegar doente na casa da minha mae ela vai me matar,0
com tremenda vontade de me matar,1
minha namorada quer me matar do coracao.,0
acho que ja posso comecar a escrever minha carta de suicidio,1
tem uma lista de uns 50 nomes pra colocar na minha carta de suicidio,1
escrevendo minha carta de suicidio chorando e ouvindo one direction,1
estou pensando seriamente em escrever minha carta de suicidio,1
vou terminar de escrever minha carta de suicidio,1
assinei minha carta de suicidio otimo,1
queria poder ter uma forma simples de me despedir dos meus amigos de uma maneira que eles nao percebam oque pretendo fazer. a minha carta de suicidio ta pronta e nela eu peco perdao a poucas pessoas. outras eu agradeco e outras eu agradeco por me fazerem chegar a isto,1
tem dias que eu nao aguento mais morar sozinha mas se eu voltasse e como se eu tivesse assinando minha carta de suicidio pois sem condicoes. tem dias que eu so queria que alguem planejasse o almoco comigo ou me ouvisse falando das cenas do dorama,1
e aqui que eu escrevo a minha carta de suicidio ?,1
>cheguei na escola sentei no fundo peguei o caderno e comecei a escrever minha carta de suicidio : mae me perdoa por isso mas vai ser o melhor pra todos vcs! saiba que eu te amo e se suportei isso durante muito tempo foi pra nao te deixar triste mas pra mim ja deu! desculpa>>,1
semana passada fiz minha segunda carta de suicidio e nao e que fiz sem chorar sem ter emocoes conheco meus limites e sei que algum dia vou passar deles e a partir deste dia deixarei de existir. assim todo mundo ficara feliz,1
parei pra pensar que ano passado escrevi minha carta de suicidio sera que esse ano eu escrevo outra?,1
minha carta de suicidio pode causar perturbacoes a quem tem o nome envolvido mas pergunta se eu ligo?!,1
depois disto lanco a minha carta de suicidio,1
na minha carta de suicidio eu com certeza citaria o meu primo. sempre esfregam na minha cara que ele se sai melhor em tudo. que entrou na escola que eu nao consegui entrar. que fez nao sei o que e pa. pena que nao poderia ver a cara de bosta deles lendo essa porra. desgracados,1
hj de tarde eu escrevi mentalmente a minha carta de suicidio,1
ja to escrevendo minha carta de suicidio,1
tava aqui pensando faz 8 meses quebeu tentei me matar e eu ainda nao joguei fora minha carta de suicidio . e deveria fazer 3 meses que eu nao memachuco mas agora so faz duas semanas. eu sou louca mesmo nao tem outra explicacao.,1
e minha carta de suicidio,1
qualquer hora dessa ja to pondo em pratica minha carta de suicidio,1
"muito bom que na minha carta de suicidio eu escrevi ""a culpa disso nao e de voces e minha "" na minha cabeca isso diminui o impacto",1
comecei a escrever minha carta de suicidio,1
eu escreveria minha carta de suicidio,1
eu ja estou fazendo minha carta de suicidio e voces?,1
hoje vim o caminho todo da van pensando o que eu escreveria na minha carta de suicidio caso eu me suicidasse,1
mostrei minha carta de suicidio /declaracao e recebi elogios,1
vou te mencionar na minha carta de suicidio,1
minha carta de suicidio hm,1
dia 12 de fevereiro eu comecei a fazer a minha carta de suicidio nessas eu meio que marquei quando o suicidio iria acontecer. nao sei o dia exatamente mas vai ser depois do dia 22 de abril/2019.,1
to perdendo a fe nas pessoas de um jeito que se eu me matar (inclusive quero) minha carta de suicidio vai ser escrita so pro meu cachorro,1
reescrever minha carta de suicidio,1
boa noite larilari : vou morrer sozinho larilari : e mt sua musica larilari : kkkkkkk,0
o apice da balada foi tocarem vou morrer sozinho e eu cantando bebada com o rafael rindo da minha cara.,0
escutando taylor e ficando bad sabendo que vou morrer sozinho .,0
as vzes eu me sinto so a musica do jao.. vou morrer sozinho realll,0
hj eu to so a musica do ... ai meu deus eu vou morrer sozinho se continuar nesse caminho ...,0
tu e tao carente que chega dar nojo nao e atoa que vai morrer sozinho nessa vida mediocre que voce leva kk  minha vida ta boa ...,0
ficar junto e nosso destino nois vamo morrer sozinho trepar dividindo um fino,0
qual e a trilha sonora da sua vida ?  jao - vou morrer sozinho ...,0
ai meu deus eu vou morrer sozinho,0
"{""fantasias""}: rafa ( ) se inspirou em ""vou morrer sozinho "" pro look e eu em ""imaturo"". pic.twitter.com/jziqh4p6pw",0
ai meu deus eu vou morrer sozinho,0
ja que eu vou morrer sozinho eu preciso ser o tio rico da familia a solucao perfeita e virar traficante,0
vou tenta voltar com minha ex pode ser um erro mais melhor que morrer sozinho,0
monogamia foi inventada por um cara de pau mole que nao conseguia comer ngm ai inventou o casamento pra garantir que nao ia morrer sozinho,0
"eu acho que vou morrer sozinho ""mas todo mundo morre sozinho "" reflita",0
to comecando acreditar nesse bglh que vou morrer sozinho,0
qual seu maior medo  como a maioria dos gays morrer sozinho ...,0
meu egoismo vai me fazer morrer sozinho ainda...,0
sou a cara de meu pai vou morrer sozinho com o meu rancor igual a ele predestinado a ser um merda teu sofrimento nao e nada comparado a o que voce herda,0
eu definitivamente nao tenho sorte no *amor* acho que nasci pra morrer sozinho,0
cada dia mais consciente que a gente nasce sozinho e vai morrer sozinho mesmo,0
carai a verdade e que eu sou um chatonildo vou morrer sozinho,0
nunca vai da certo c ngm mesmo  kkk nasci sozinho e vou morrer sozinho cria ...,0
tambem nao me interessa nao consigo continuar vendo acho cansativo... nada contra quem gosta so acho meio superestimada!,0
a personagem do livro ta passando muita vergonha e eu nao consigo continuar a ler porque to sentindo por ela,0
eu to rindo de nervoso porque eu comecei isso e agr nao consigo continuar,0
eu nao consigo continuar a do baby e daddy porque deu problema com o youtube,0
queria entender porque eu nao consigo continuar uma conversa com literalmente ninguem???,0
qual a chance do professor responder meu email ainda hj? porque sem a resposta nao consigo continuar o exercicio e ai sera se ate o fim do dia eu ja chorei? perguntas,0
eu nao consigo continuar dormindo quando levanta..,0
beleza eu nao consigo continuar o filme,0
ja entendi porque nao consigo continuar assistindo vikings,0
eu to me sentindo mais enganada que os fas da gravida de taubate. -tentei jogar albion: jogo crasha no tutorial e nao consigo continuar -tentei pegar twitch prime: me cobraram e nao da pra conectar -tentei dar sub num canal: me cobraram e a subscription nunca chegou ajudaluciabo,0
escrevi textinho tao lindo pra encaixar na fic bem meloso mesmo mas porra nao consigo continuar ela nunca vou colocar ele la ksksks,0
certissima voce! hahaha eu largo porque quando comeca me encher eu abandono nao consigo continuar,0
quando alguem me trata mal ou com arrogancia eu nao consigo continuar sendo a mesma com a pessoa nunca mais.,0
vei nao consigo continuar consumindo qualquer coisa que seja quando descubro que o produtor da coisa e bolsominion. seja musica servico produto qualquer coisa,0
mais dia menos dia vou ter de ir ao oftalmologista porque nao posso continuar a adiar o inadiavel,0
nao posso continuar a comer desta maneira,0
infelizmente nao posso continuar devido a sua ignorancia...,0
desculpa nao posso continuar a amizade depois disso,0
nao posso continuar mentindo pra mim mesmo dizendo que vou mudar. eu nasci no veneno tenho veneno dentro de mim eu destruo tudo que eu toco e esse e o meu legado. nao tenho nada pra mostrar do modo como eu vivi e ninguem que entrou na minha vida ganhou alguma coisa com isso.,0
enfim todo esse tempo tentando varrer tudo do meu organismo me fez chegar a conclusao de que eventualmente a minha acne vai reaparecer e eu nao posso continuar arriscando o funcionamento normal do meu organismo por uma coisa que nao diz nada sobre quem eu sou,0
e nesse panorama desolador que temos de achar o caminho de uma acao solidaria para reerguer o rio. lembro de uma frase de um personagem de samuel beckett: nao posso continuar continuo. ...,0
meus joelhos ficaram assim por conta do sobrepeso so que agora nao posso continuar emagrecendo porque nao posso fazer exercicios pesados por causa dos joelhos,0
velho minha unica meta era pagar o medico porque nao posso continuar adiando. isso desde janeiro. vai entrar maio e eu ainda nem mostrei meus exames e to sentindo que to ficando cada vez mais fudida,0
eu prometo que vou acompanhar a todos os jogos da conferencia oeste hoje. nao posso continuar a cometer o pecado de nao assisti-los,0
nao posso continuar negando que fazer comprar me faz bem,0
eu tenho uma prova terca se eu for mal nao posso continuar a materia... ai e adeus 7a adeus formatura... que pressao hein,0
nao posso continuar a ter estes sonhos,0
preciso procurar outro emprego pra ontem nao posso continuar onde nao sou valorizada.,0
onde me viste a ofender? estas a perder a razao meu doce! nao vou admitir uma coisa que nao e verdade eu ja me dei com a mariana e sempre lhe disse alguma coisa quando passava por mim. nao e por agora nao nos darmos que nao posso continuar a ser educada!,0
desculpas gostava muito das duas. hari foi uma das pessoas mais incriveis dentro da casa nao posso continuar votando depois disso. estamos contigo.,0
nao posso continuar assim porque se nao ate a entrega do tdec eu to ferrada,0
so sei que preciso tirar a nota maxima nesse trabalho. julho nao quero estar aqui,0
e todos nem imaginam que no momento em que rio eu somente penso em morte em como finalmente morrer nenhum deles imagina o quanto estou quebrada o quanto nao quero estar aqui o quanto estou cansada +,1
a musica do corinthians pra amanha: choram as rosasporque nao quero estar aqui,0
preso nesse mundo e nao quero estar aqui,1
ser adolescente e o que exatamente ? eu nao sei se isto e so drama causado pela idade ou se me deva preocupar eu nao quero estar aqui so quero ir,1
nao quero estar aqui so queria ir pra minha casa com meu tommynho e minha cama,0
 por mais que eu fosse adorar conhece-lo nao quero estar aqui quando ele chegar. posso atrapalhar.  ele nao vai pedir.  ah coma um biscoitinho.  ele nao vai pedir  repetiu iris mais uma vez. e entao porque nao pode evitar acrescentou:  nao vai. pic.twitter.com/rrsvyraklw,0
se eu tivesse uma opcao pra ir pra um outro lugar eu iria porque eu nao quero estar aqui quando esses tiros comecarem,0
nao quero estar aqui so pra te fazer felixx eu quero e viveeeer ooo a vida do jeito que ela tem que seeeer,0
eu simplesmente odeio a minha vida nao sei mais quem eu sou nao quero estar aqui,1
cada dia minha auto estima cai um pouco cada dia penso em como resolver os problemas cada dia um novo dia pra pensar que nao quero estar aqui mas preciso estar .,1
as vezes eu acho que nao vale a pena viver . o mundo so te decepciona e te coloca pra baixo as pessoas nao prestam o que a gente ganha com isso tudo afinal? qual o proposito? nao vejo mais nenhum,1
essa declaracao do whindersson me fez admirar muito mais. o cara definitivamente mostrou que nao vale a pena viver de mascaras. dinheiro fama glamour e um numero alto de seguidores nao sao sinonimos de felicidade plena. ...,0
eu so tento dar a visao sabe visao de quem ta quase formado ja nao vale a pena viver na miseria pra cursar algo que tu curte graduacao pode esperar o teu sustento nao deixo a ideia ai porque vi um pessoal falando na timeline sobre,0
... nao vale a pena uma vida tao corrida em que nao se ve um espaco pra deus. nao vale a pena viver sem sentir o aconchego dos bracos do pai. nao vale a pena viver ignorando esse amor inigualavel. nao deixe esse amor de lado. ame quem mais te ama.,0
tio nao vale a pena viver sem spotify,0
tudo na vida e emprestado.. nao vale a pena viver apegado!,0
a vida nao vale a pena viver,1
e o seguinte: nao pode deixar ninguem se meter entre voce e suas paixoes na vida se nao nao vale a pena viver  -lucifer,0
nao vale a pena viver em um mundo onde o jovem nao sabe quem e a maryl streep,0
isso e verdade nao vale a pena viver em um lugar que voce sabe que uma hora ou outra vai acabar por falta de interesse,0
"exatamente fui nessa onda de ""sou desapegado"" e acabei me apegando no fim quem ficou sozinho foi eu nao vale a pena viver a vida igual a uma micareta",0
nao vale a pena viver sonhando e se esquecer de viver (harry potter),0
boa noite !!! voce nunca esta so a vida e uma preciosidade maravilhosa e devemos fazer de tudo para sermos felizes! nunca diga que estas so que nao vale a pena viver ... o deus que tudo... ?utm_source=ig_twitter_share&igshid=lf9v44iczof8 ...,0
ja nao tenho spotify premium nao vale a pena viver depois desta,0
"*girei os calcanhares observando-a com certa atencao.*  sim? ""- seja o que for o que o motiva a encontrar severus lembre-se que nao vale a pena viver em conflito com a pessoa que apesar de tudo sempre o favoreceu em hogwarts!"" *a fitei por alguns segundos sorrindo em ironia*",0
minha vida chegou em um ponto em que eu so quero dormir e nunca mais acordar ou simplesmente morrer,1
queria dormir e nunca mais acordar,1
minha mae sempre me massacrando quando o assunto e roupa so eu sei da vontade de tomar uns remedios e nunca mais acordar estragou completamente o meu domingo por um motivo banal,1
mt legal que ja acordei com aquela vontade de nunca mais acordar,1
vontade de ir dormir e nunca mais acordar,1
nao aguento mais sonhar que estou na disney e nunca acordar na disney,0
me lembra de nunca mais acordar cedo no domingo pra minha mae nao vir me pedir pra ir na feira pra ela.,0
so quero morrer na minha cama e nunca mais acordar,1
eu sou o tipo de pessoa que nao deveria nunca acordar cedo,0
vontade de dormir e nunca mais acordar,1
so de lembrar o tanto de coisa que tenho que fazer quando acordar da vontade de nunca mais acordar,0
ok vou dormir e espero nunca acordar boa noite.,1
e nao ha nada melhor do que amar voce eu nunca vou te perder. foi deus que me deu voce e como poder sonhar e nunca acordar .,0
uma noite de adoracao uma palavra que pegou forte. deus fala o tempo todo. to sabendo que to fazendo tudo errado mas to bem. porque antes tarde do que nunca acordar e perceber que nao posso estragar tudo por orgulho ou por capricho,0
"ja estao chamando o pacto de migracao da onu de pacto de suicidio das nacoes. pacto de migracao da onu - ""o pacto de suicidio das nacoes""",0
plano de suicidio : ir ao psiquiatra ele vai receitar remedios e com esses remedios eu tenho uma overdose. isso esta mais proximo do que nunca de acontecer.,1
nessas horas eu fico feliz por ter um plano de suicidio,1
meu plano de suicidio ja ta pronto so falta a coragem agora,1
a cada dia um plano de suicidio diferente,1
vou voltar colocar meu plano de suicidio em pratica,1
ja to preparado pra pular todos os stories da intro de got hoje a noite,0
mais do que preparado pra pular stories com audio estourado e gente cantando,0
aonde eu vou tem um grilo preparado pra pular em mim,0
ele ta com cara de que ta preparado pra pular numa jugular,0
pra mim o van dijk cabeceou meio fraco e o alisson nao estava preparado pra pular,0
exatamente!!! e toda vez que eu olho pra um ele parece que ta pronto pra pular em mim s,0
o minho ta pronto pra pular no pescoco do seungmin mds pic.twitter.com/e1snfn6xti,0
nessa aqui ele tava pronto pra pular no pescoco de alguem pic.twitter.com/v9kqu03tke,0
mais um pre-release comprado ja estou pronto pra pular m20 pra economizar grana,0
eu precisava fazer um video de quando abro a porta da caminhonete e o luke ja esta ali pronto pra pular no meu colo.,0
pronto pra pular da ponta da terra quando nao ficar no grupo final? ...,0
a beira de um abismo estou pronto pra pular . esse abismo e deus.,0
completamente suzana todos sabiam que o cara estava na prancha pronto pra pular ao mar mas por birra o asno adia a demissao em uma tentativa tosca de ridicularizar a emissora e a reporter/apresentadora ridiculo isso,0
bom dia meus consagrados quem ta pronto pra pular atras de trio embaixo de chuva??,0
na segunda foto ele pra pronto pra pular na minha perna mas ok,0
se o lucas nao tivesse me segurado hoje provavelmente eu estaria na salinha de seguranca do mineirao. eu ja tava em cima do vidro no 3x2 pronto pra pular no camarote.,0
por um momento eu achei que o kauan ia bater o carro ontem eu ja tava pronto pra pular,0
pelicula nova no celular. pronto pra pular do predio de novo. kkkkkkk sqn,0
pronto pra pular um brejo,0
fui la peguei a maior distancia que podia e sai correndo em direcao a pilha de cadeiras. quando cheguei perto pronto pra pular vem um grito de um dos amigos que estavam so assistindo a nossa idiotice:,0
o jimin ficou armadasso pronto pra pular no jin porque ele esqueceu o nome dele aloawoksskso,0
representatividade eh isto eu tava achando que era uma coitada por estar com um pezinho pronto pra pular fora porem e real,0
quase nunca relaxa sempre pronto pra pular so relaxa com golden shower,0
o fuzil do zulu cuspindo fogo pronto pra pular la na chacrinha dnv,0
hoje tem game of thrones e galera tomem cuidado - beba agua - durmam bastante - nao se estressem - evitem sair de casa porque vc nao vai querer morrer no dia da estreia da ultima temporada de got ne ?,0
gente nn eh normal querer morrer essa quantidade de vezes por dia apenas nn eh,1
esse grupo e imbativel helder usa seus poderes para enlouquecer o thanos marilia mostra valores faz ele refletir fazendo ele questionar a propria existencia e querer morrer apenas por ser quem e e o mal que esta fazendo e a rosemary kkk a rosemary manda ele calar a boca kkkkk,0
pessoas que tem gastrite como voces conseguem beber e nao querer morrer no dia seguinte ?,0
a vontade de querer morrer e enorme,1
ontem o role serviu pra encontrar um cara que me lembrou de um dos maiores micos da minha vida relembrar eh viver e querer morrer de tanta vergonha,0
tao linda que me faz querer morrer ...,0
nao eu nao vou querer morrer por um time.,0
se faz vc querer morrer e alguma coisa importante...,0
esses toquinho de bola do galo me faz querer morrer,0
se eu tiver vontade de cagar durante o ep de got eu vou querer morrer,0
se esse juiz marcar esse penalti vai ser o maior erro da vida dele vai querer morrer !!,0
hoje tem game of thrones galera tomem cuidado - beba agua - durma bastante - nao se extresse - evite sair de casa porque voce nao vai querer morrer na estreia da ultima temporada de got ne?,0
oi razao do meu viver e querer morrer todos os dias,0
qnd eu comeco me apegar em alguem e a pessoa some 1 segundo ja e motivo p mim querer morrer chorando,0
a sua familia tambem te faz querer morrer ? pois a minha faz questao todos dos dias de fazer com que eu me sinta assim,1
omg ela e tao linda que me faz querer morrer . pic.twitter.com/tpid6mkueo,0
video aulas de 40 min que me fazem querer morrer mesmo que o prof seja mto bom,0
acho engracado quem nunca pariu filho comparar colica menstrual com contracoes. to aqui tendo colicas e nao to me retorcendo a ponto de querer morrer ...,0
quer ve eu querer morrer e alguem me pedir comida na rua e eu nao ter dinheiro,0
playlist de musica no estilo que vc curte + artistas aleatorios que vc nunca ouviu faz voce querer morrer ums 60% menos,0
sair de casa com esse celular sem bateria e pedir pra querer morrer,0
facam de tudo para nao morrer hoje se possivel nem saiam do quarto vc nao vai querer morrer no dia da estreia da ultima temporada de game of thrones ne?,0
me perdi no abismo e voltei teu amor diminui minha vontade de querer morrer teu abraco e como um terapeuta que vem socorrer todos os medos que eu guardo mesmo sem querer,0
fui dormir achando que ia acordar otima pra trabalhar ai meu corpo lembrou que tomei cerveja gin e rum e nao ta me deixando fazer nada alem de querer morrer,0
nao tomem muitos riscos durante esse proximo mes e meio bebam agua olhem pros 2 lados antes de atravessar a rua vcs nao vao querer morrer bem na ultima temporada,0
so nao tenho a parte de querer morrer kk ...,0
esse e o meu presidente!!! e para aqueles que por ventura vierem querer questionar esse post: se eu desistir da humanidade e melhor morrer . afinal faco parte dessa humanidade. e busco a... ...,0
e hoje tem game of thrones e galera tomem cuidado. *beba agua *durmam bastante *nao se estresse *evitem sair de casa porque vc nao vai querer morrer no dia da estreia da ultima temporada de for ne.,0
porque que eu insisto em subir na balanca sabendo que eu vou querer morrer logo em seguida ??????,0
como estudar 3 apostilas de botanica sem querer morrer ? dock com,0
imagina so eu e o goncalo a fazer uma musica bue oposta tipo eu com uma parte bue feliz e ele a querer morrer,0
me: life is beautifuuul... (com toda a alma). minha mae: para de querer morrer .,0
fato dois: eu quase fiz uma tatuagem com um completo desconhecido ainda bem que eu nao achei o desenho que eu queria imagina gente eu ia querer morrer,0
parei pra pensar que a ultima vez que passou got eu tava num emprego que eu nao tava gostava e a hora que passava eu ja tinha que estar dormindo pra conseguir acordar sem querer morrer no dia seguinte.,0
me ensina como que faz pra nao querer morrer tudo vez que ve o tanto de materia atrasada da facul,0
tudo tem limites ne acho que nenhum dos meus amigos tem motivos suficientes pra odiar a vida ou querer morrer,0
hoje tem game of thrones e galera tomem cuidado - beba agua - durmam bastante - nao se estressem - evitem sair de casa porque vc nao vai querer morrer no dia da estreia da ultima temporada de got ne ?,0
vai querer morrer ?,0
o pensamento de querer morrer a qqr coisa continua,1
sei que e egoismo da minha parte querer isso por causa de umas pessoas que gostam de mim e precisam mas e dificil sabe isso tudo. esse desanimo a vontade constante de querer morrer,1
ai gente vcs tambem passam pelo problema de querer fazer acao mas ao mesmo tempo morrer de preguica porque eu sim,0
irmao minha autoestima consegue fazer eu me sentir insuficiente ao ponto de querer morrer que doido,1
imagina vc nasce um peixe bochechudo nossa eu ia querer morrer,0
o centro da sua vida tem que ser vc nao outra pessoa se um dia essa pessoa for embora e vc ficar na merda ao ponto de querer morrer .. a culpa vai ser somente sua por ter colocada ela no centro da sua vida.,0
queria poder tomar cafe pra mandar o sono pra pqp. mas infelizmente se eu tomar dois goles de cafe que seja vou ter uma enxaqueca dos infernos a ponto de querer morrer .,0
hoje tem game of thrones e galera tomem cuidado: - beba agua - durmam bastante - nao se estressem - evitem sair de casa pois tu nao vai querer morrer no dia da estreia da ultima temporada de got ne?,0
caralho acho que apaguei sem querer meu fixado de dramasssssss eu vou morrer,0
eu falo uma coisa pra vcs. vcs podem ate sofrer por alguns meses querer morrer achar que eh o fim mas nao eh eu juro que nao eh,0
eu juro que so queria entender porque diaxo eu tenho tudo que sempre quis na vida e to triste a ponto de querer morrer,1
nao creio que to numa fase em que nao posso comer nada e nem de beber nada que meu estomago ja comeca a querer morrer vou viver de ar agora ? da licenca pic.twitter.com/3yj2bog7op,0
hoje tem game of thrones e galera tomem cuidado - beba agua - durmam bastante - nao se estressem - evitem sair de casa porque vc nao vai querer morrer no dia da estreia da ultima temporada de got ne ?,0
voce tem o dia todo para morrer de tocir mas isso so vai querer acontecer na hora que for dormir,0
um dia eu ia ganhar mas eu descobri sem querer ...,0
eu nao tenho motivo nenhum para estar mal nao tenho motivo para estar triste querer sumir me cortar ou morrer mas eu nao consigo estar bem,1
amiga vc eh linda demais mesmo e o incrivel eh que vc nao eh so linda por fora vc eh tao linda por dentro que me faz querer morrer porra que mulher perfeita caralho,0
so tem horas que eu quero morrer,1
nao vou ver o novo episodio pois estou sem hbo quero morrer,0
passei uma vida inteira usando oculos de sol comprado em camelo. resolvi me cuidar. gastei horrores num oculos bom. menos de um mes de uso. coloquei eles no bolso de tras da calca e sentei em cima. eu quero morrer .,0
quero morrer amigo dessa galera. pic.twitter.com/q9on4cw5yx,0
quero morrer sinceramente,1
eu quero morrer,1
socorro miga eu nao quero morrer antes de ver o fim de got avengers e star wars,0
eu quero morrer com essa prova de patologia meu deus que tanto de materia eu nao aguento mais,0
ai sabe acabei de pagar 75 conto num gas eu quero morrer,0
eu so quero morrer eu odeio meu pai bixo,1
caralho eu nao aguento mais eu so quero morrer,1
atualmente eu estou entre: quero morrer quero viver quero me suicidar quero deixar de apenas existir quero literalmente me jogar na frente de um carro quero viver uma aventura,1
eu nao quero morrer virgem,0
cara to apavorada parei de tomar mes passado e ainda nao desceu cara quero morrer eu me cuido mas pqp to desesperada kkkkkkkkkkkkkkkk dizem que esse ano eh da fertilidade,0
eu passei a gandola e a mae deixou cair no chao eu quero morrer,0
meu deus do ceu todas as minhas amigas namorando;;;;;;;;; quero morrer,0
eu gasto 40 minutos para chegar no trabalho e ja quero morrer . deus me livre 1h30 kkkk,0
falei que ia ver o jogo domingo meu pai surtou kkkkkkkk perguntou se eu quero morrer ainda mais sendo final,0
gente eu quero morrer perdi todas as minhas musicas do skillet todas eu to ate com a pressao baixa,0
irmao muito chato quero morrer nao passo da cena do beijo enquanto a motorista vai embora,0
vou fazer trabalho sozinha de historia quero morrer pic.twitter.com/jef4wa85v6,0
eu quero morrer,1
quero morrer fudendo melhor morte kk,0
eu to tao cansadatao cansada quero morrer,1
eu so quero morrer irmao eu ja vivo afundada na culpa pensando que eu sou uma bosta por causa do meu pai e tu chega com uma dessa,1
eu nao quero morrer nao ta maluco?,0
quero chorar ate morrer so de pensar nesses trabalhos,0
e ai eu me sinto a pior pessoa do mundo e so quero morrer,1
nao gosto mais de viver e sei la so quero morrer mas a unica coisa que sinto que tenho controle e desativar essa conta entao eh isto,1
eu quero morrer,1
quero muito que seja ela mas ela vai morrer :(,0
amanha tem simulado do enem e eu quero morrer,0
mais da metade do meu dia eu quero desistir de tudo e morrer,1
sou uma porca gorda nojenta que nao merece nada nao merece nada porrra quero morrer,1
quero morrer,1
eu posso morrer de amores pela pessoa mas se eu botar na cabeca que nao quero mais nao adianta. antes de ser por nos e eu por mim.,0
ai quero morrer,1
gente eu quero morrer serio me odeio dms,1
na vida so sei uma coisa: nao quero morrer quero me matar nao quero ser vencida e sim vencer obg,1
quero morrer,1
meus pais vao me forcar a ver got dublado eu quero morrer,0
irmao eu sem duvida paro se quer matar algum stark mata a sansa so fui gostar dela nas ultimas temp nao que eu quero que ela morra mas se e pra morrer ne mata ela,0
hbo go travando e eu so quero morrer,0
aaaaaaaaaaaaa eu quero morrer com esse video eu to apaixonadaaaaaaaa aaaaa aaaaaaaaaaa aaaaaaaaaaaaaaaaa pic.twitter.com/xtjcyha2ak,0
eu quero morrer com essa azia,0
so queria fechar os olhos e essa bosta toda acabar mas quando acordo isso continua e continua e amanha e segunda e quero morrer .,1
ainda sao 20h da noite e a hbo go ja esta com problemas tecnicos eu quero morrer,0
oh meu amor meu amoooor escuta o que eu vou dizeeeer eu quero muito te amaaaar estar contigo ate morrer ! pic.twitter.com/bpwtsdaobu,0
eu quero morrer,1
cara quero morrer,1
caralho que paradoxo: vc quer apanhar ate morrer e por isso eu quero te baterate te matar mas nao posso porque nao quero que vc morra caralho,0
ai quero morrer,1
eu so quero morrer,1
quero descobrir de que vou morrer marcando que tipo de suco eu beberia,0
eu tambem nao quero mas ele vai morrer,0
que bosta acabei tomar um spoiler do ep de hj eu quero morrer,0
eu la quero bolao p ver qm vai ficar vivo ou qm vai morrer nessa temporada de got eu so quero assistir o episodio de hj so,0
tao dizendo que vazou got eu ja recebi um suposto spoiler mds eu quero morrer tyrion naaaaaaao pic.twitter.com/dclvpvpmls,0
eu so quero morrer,1
passando pra lembrar que nao quero ninguem chorando quando eu morrer kralho toquem o frevo que eu nunca toquei,1
eu quero morrer,1
eu so quero morrer,1
eu me sinto imortal porque eu quero morrer e eu sei que nao vou morrer tao cedo. entao to sempre 100% nem ai.. unica coisa que eu faco e tomar cuidado pra evitar mais sofrimento.,0
estou dividido entre quem eu acho que vai morrer e quem quero que morra pic.twitter.com/5fu4spvqiw,0
to as ultimas 4hrs estudando sem parar e me deu dor de cabeca decidi fazer uma pausa e minha vizinha tambem decidiu cantar let it go aos berros nao sei se quero morrer ou matar a crianca,0
okay. vou assistir a grande estreia de got. quero ver quem vai morrer nessa bagaca dos sete reinos.,0
eu quero morrer,1
se a arya morrer eu desisto mano. e uma boa essa certo que um deles faria isso pela arya tambem (msm que ela consiga se virar sozinha) mas nao quero que ngm morra vo chorar demais ja to prevendo,0
quero ela e a dany viva irmao pra mim tinha que morrer o jon snow aquele tapado kkkkkkk,0
falei ela e super fofa elogiou minha roupa e meu cabelo eu quero morrer to me tremendo ha 40 minutos,0
ai eu quero morrer,1
ola ines quero te,0
a maior cadelinha do cal que conheco quero muito interagir mais (vou me meter nos seus tweets sim) seu fc e lindo de morrer ama rainha vermelha entao ja ta no meu coracao voce e muito um amor,0
eu nao quero falar com ninguem caralho inferno nem com meus pais eu quero morrer caralho me deixa quieta caralho,1
eu quero morrer toda semana que tem caso marilia ai lembro que preciso do ponto extra e vou pra aula rezando pra deus me proteger da sara,0
eu quero tanto morrer mas nao quero que minha mae chore,1
eu lembro das coisas e so quero morrer de vergonha serio que micoooooo,0
quero so ver quem vai morrer hoje,0
porque ele e um babaca toda hora que ele aparece eu quero morrer de tao chato que ele e,0
se caso algum dia dps de morrer nessa vida eu volte a esse planeta terra quero voltar la pra 2100 kkk,0
afasta te de mim nao quero morrer jovem ahaha,0
se a daenerys morrer irmao eu paro de ver a serie e hora e nunca mais vejo e tchau e benca e acho bom o gorge rr martin fazer um final diferente da serie viu meu bem quero dany vivissima governando westeros.,0
as vezes parece que eu preciso de companhia e nas outras vezes parece que eu so quero morrer,1
ahh foda-se vou pular pro tal do casamento vermelho porque quero ver o joffrey morrer . moleque irritante do cacete!,0
omg melhorou meu dia hshsjhdbdjd aaaaaaa ...,0
a voz do suren quero morrer,0
sinto uma vontade enorme de viver tipo eu fico pensando e o mundo eh tao grande irmao tem tanta coisa pra conhecer tanto lugar pra ir nao quero morrer conhecendo so o lugar onde eu nasci da vontade de fazer um mochilao e sair por ai sem rumo,0
terceira semana seguida com prova praticamente todos os dias eu quero morrer,0
semana que vem tenho prova de economia e tudo que eu quero e morrer,0
quero morrer so isso,1
vamofude  quero morrer virgem ...,0
sua opiniao eh igual eu ninguem quer amor,0
eu nao quero o mal de ninguem mas enquanto o luladrao nao morrer nao vai ter paz no nosso brasil.,0
gabriel eu sou muito burra eu quero morrer,1
eu quero morrer por fora o tanto que eu to morrendo por dentro eu so quero que toda esse dor passe,0
tava irritada e vi a foto do dylan com o tyler fiquei feliz agora quero morrer de novo,0
eu quero morrer,1
samwell nao pode morrer quero ele vivendo com o little sam e a gilly pelo amor de deus,0
eu nao aguento mais esse vazio no meu coracao so quero morrer velho,1
eu quero ver a dee dee morrer carai,0
pessoal chega a ser triste. como quero chegar aos 100 anos vou abandonar para nao morrer antes.,0
jon snow e daenerys um dos 2 vai morrer porem nao quero nem pensar na possibilidade,0
parabens pra mim que nao vou ver o 1 episodio de got!!!!!!!!!! quero morrer ! :),0
eu so quero morrer que bosta,1
negocio de morrer todo mundo... quero jon do trono de ferro,0
irraaaa eu quero,0
sim ganhar dinheiro ficar rico enfim quero um futuro melhor nao quero morrer assimm,0
cara eu quero morrer,1
quero morrer,1
eu sou mt otaria quando a pessoa me quer eu nao quero ver a pessoa nem pintada de ouro e quando a pessoa nao quer parece que eu vou morrer de amores,0
eu quero um namorado,0
comi pizza ontem e hoje quero morrer ??,0
se existe jogo melhor no mundo nao me mostrem porque quero morrer com essa alegria no peito pic.twitter.com/y0uvcboylp,0
a morte que bate em minha porta onde se alegra em me ver suicida muitos culpam o passado que apenas ensina licoes de vida. apesar da longa vida sofrida... deus ha de me perdoar pelos pecados que fizeram-me ter recaidas me deixando sem vitorias com a noite fria em abundancia..,1
e como a classe media pedido pra baixar o imposto do rico so que um pouco mais suicida ...ou: nazismo inclusivo? ...,0
simmmm!!! como ninguem coloca isso na lista de expectativas. to agoniada que acabei de ver a cena que ela ve ele pelado pos missao suicida,0
nao discordo de nada nao precisava fazer uma missao suicida pra pegar um wrigt mas a corrente foi ridicula demais,0
a unica solucao e acabar com a minha vida e e isso que vou fazer adeus.,1
nossa senhora como eu odeio esse episodio de got do esquadrao suicida,0
o assedio de gentili levou uma boa samaritana a ter que se mudar de cidade e desenvolver ideacao suicida . nada relacionado com propriedade. entao houve crime?,0
de acordo com ja podemos consider o povo suicida .,0
revendo a ultima temporada de e pensando aqui: foi realmente muito suicida essa ida do para alem da muralha para pegar um ... meu deus do ceu,0
porque esquadrao suicida e tao bom e tao ruim ao mesmo tempo?,0
to so o pikachu suicida hoje ...,0
tive uma experiencia sinistra hoje. entrei numa postagem do falando do paulo freire e um esquerdinha comecou falar la.. entrei no perfil e tava escrito que o cara era bipolar e potencial suicida . todas as minhas respostas foram: liga no cvv 188.,0
assistindo o esquadrao suicida indo pra alem da muralha atras dos vagantes pela milesima vez,0
ate lutou alem da muralha junto do esquadrao suicida de westeros,0
a coisa mais sem nocao que rolou em got foi o jon reunir uma equipe e ir alem da muralha pegar um walker. por causa disso perderam varios soldados e um dragao pro rei da noite. foi o verdadeiro esquadrao suicida .,0
pessoa que namora com bolsonazi e suicida ! !,0
viola davis no papel de amanda waller foi um dos maiores e raros acertos de esquadrao suicida,0
harry potter e as reliquias da morte parte 2 esquadrao suicida malevola o diabo veste prada invocacao do mal ...,0
voce nasceu com esse problema ou adquiriu ele com a vida? burrice que fala? a cada postagem um neuronio suicida kkkkkkkkkkkkkkk,0
ba vi nego gritando que e da faccao tal e fazendo um barulho no baile e nem mora em favela kkkkk suicida,0
maxi lopez peca demissao rescinde o contrato fique doente se suicida mas pelo amor de deus sai do meu,0
o que mais irrita e que o corinthians ja jogou melhor do que isso nao faz muito tempo 3 semanas. de repente e so essa retranca meio suicida . nao arma nao ataca e ainda sofre um monte de chute perigoso no gol,0
harry potter avalon millennium o senhor dos aneis trono de vidro mago corte de rosas e espinhos biografia de alan kardec memorias de um suicida o segredo do anel(o legado de maria madalene) ...,0
amg e a missao suicida dele na batalha dos bastardos que ele levou todo mundo pra morrer ali foi um odio viu ramsen porque nao matou logo aquele merda,0
"alcolumbre conhece as cores do seu dilema:cartao vermelho para mendes ou bilhete azul para si mesmo.o senador e jovem tem aspiracoes politicas e nunca demonstrou tendencia "" suicida "". acompanhara gilmar ate a beira do abismo. dai pra frentemendes tera de negociar com einstein..",0
sempre que estou revendo a setima temporada de e chega no episodio 5 me uma vontade de pular ele e o 6 de tanta vergonha alheia do roteiro/plano suicida do tyrion,0
eu lembro tanto dele cantando aquela perereca suicida ela pica ela bate kk aponta pra mim que eu te mato te mato de amor e te sufoco num abraco kk kaysar no domingao,0
e porque quando um adm faz uma tag sozinho ele absorve a energia de todas as pessoas que eles preveem! e nessa tag e na outra eu sempre fiz sozinho. se uma pessoa tem uma energia suicida e depressiva e pior ainda mds. mas estou bem gracas a deus,0
ja penso tudo isso pra no final thanos ser suicida ?,0
2014 a perereca era suicida 2019 a perereca e saltitante,0
nao e comportamento repetido. e tao fora do personagem para stefan que ele literalmente se torna suicida por causa disso pic.twitter.com/mnecjbb6jc,0
talvez so talvez eu esteja com raiva por voce chamar meu bb de velho suicida ...,0
concordo! quem aceitaria um convite do inimigo declarado para visita? so um louco suicida . a globo vai cair.,0
esquema bem suicida de cuca na ausencia de um dos nossos melhores jogadores. claramente perdendo o meio de campo para o adversario,0
sp suicida e o que vc acha? e sobre o corinthians como sempre mais retranqueiro... ne?,0
eu acho essa esclacao do sp meio suicida os caras jogam com tres volantesnos jogaremos com apenas umtinha que ter colocado alguem por alie muito atacanteseja o que deus quisermas essa lesao do liziero da um desanimo monstromoleque estava jogando muito,0
e o me chamou de suicida com esse meio de campo na live kkkkkkkk,0
suicida e teu comentario. zicando desde jogo do palmeiras. pior tipo de torcedor!,0
sem liziero cuca arma o time de forma suicida ??? saberemos logo mais. ...,0
nao adote aquele esquema tatico suicida de segunda feira pelo amor de deus. vai corinthians que sao jorge nos abencoe.,0
kkkkkkkk nao sou suicida ta? juro,0
e sim o psicopata mata o suicida e o suicida gosta porque quer morrer ...,0
esquadrao suicida e bem masomenos mas nao chega a ser ruim pra caralhokkkk ...,0
gomorraa: triunfo do anjo suicida - mc by gomorraa ...,0
assistindo esquadrao suicida em parque oratorio ...,0
sarri joga pra se defender = covarde nao quis atacar sarri joga pra frente = suicida tinha que se defender voces tem que assumir que so se importam com o resultado e nao importa o que se faca desde que termine com vitoria senao vira oportunismo.,0
to revendo o primeiro episodio de crazy ex girlfriend e gente todos os sinais de que rebeca e bordeline e potencialmente suicida estavam la. eu amo uma serie com roteiro bem amarrado.,0
brotei aqui no atacadao rapidinho busquei o combo suicida pra ver esse jogo do mengao,0
t6 ep 10 e o melhor de got a cersei mata os pardais o puto suicida se e a arya mata os frey,0
bom dia fabiana! nao sei se o rapaz e exibicionista ou suicida !,0
e vc amiga uma garota suicida,0
peixe suicida,0
eu vendo um post/tweet com piada autodepreciativa depressiva suicida : kkkkkkkkkkkkkk vo marca a beatriz,0
comentei sobre paulo freire na postagem do e as pessoas que responderam sao todas doentes. um deles na descricao do perfil diz que e potencial suicida . eu ja nao gosto de dar moral pra esquerdista mas imagina o cara se mata. eu mandei ligar no cvv. ficou bravo.,0
ninguem: garotas de 12 anos: cuidado hein sou psicopata chega perto do meu namorado que eu te garanto que piranha voa ele eh so meu piranha o amor de um psicopata e de um suicida eh o mais bonito que ha ele mataria por ela e ela morreria por ele,0
o chinelo e suicida misericordia sorte que se nao foi junto com ele,0
o maior medo da minha mae e que eu cometa suicidio o meu maior medo e que ela cometa suicidio,1
a tal do suposto suicidio da suposta ativista tambem.,0
bam na 4 e suicidio . ainda acredito nele mas na 5 obviamente. a temporada que vem e chave pra ele.,0
sinceramente? pensei em suicidio umas 2362837x so esse ano e nunca deixei de ver isso c uma opcao,1
chile: capitalizacao da previdencia faz idosos morrerem trabalhando e suicidio bater recorde o regime de capitalizacao da previdencia no chile obriga os aposentados a seguirem trabalhando muitas vezes ate morrer. ...,0
ai eu me lembro de tudo que ja me disseram e com eles o pensamento de suicidio tambem,1
me arrependo de ter falhado na minha primeira tentativa de suicidio,1
eu nao aguento mais passar minhas noites pensando em suicidio,1
namorar com o renan e suicidio dois idiotas juntos cara,0
a cada dia que passa paro de temer o suicidio e vejo uma esperanca,1
suicidio e a unica saida,1
procura- se a forma mais facil de cometer suicidio,1
o suicidio e a solucao,1
e bem melhor pensar em suicidio em casa do que em qualquer outro lugar.,1
o suicidio e a ultima opcao. e olha que ironia... as opcoes estao se esgotando .,1
 ofelia de john everett millais a morte de ofelia suicidio por afogamento foi retratada por muitos pintores especialmente durante os seculos xviii e xix. a determinacao de millais era tamanha em reproduzir os detalhes que chegou a pintar com uma lupa. + pic.twitter.com/7juqzsmpnx,0
estou chocado. lembro do caso. roberto cabrini investiga suicidio de victor reder no ...,0
vc realmente perdeu a chance de fazer historia positivamente preferiu o seu proprio suicidio politico. nao esqueceremos de vc,0
pessima dica mas se nada der certo nao vou considerar msm assim ao suicidio shaushau,0
queria ter morrido na primeira vez que tentei suicidio .,1
tentando terminar a wl sem praticar suicidio no fifa19 live at,0
otimo. aqui de 64 em diante matavam jornalistas e diziam que foi suicidio,0
se bolsonaro proibisse o suicidio eu ia pegar pipoca uma cadeirinha e assistir tranquila o suicidio em massa do povo do contra.,0
eu ainda estou lutandoaos 34 anos de vida eu descobri o sentido de minha vida ! ele viveu o inferno do holocausto mesmo preso ele conseguiu encontrar o sentido da vida e salvou varios amigos da depressao e do suicidio . nvuwk ...,0
esse ano o suicidio vem,1
ja vi miga mas nao indico eu achei pessima a forma que a netflix abordou esse tema >massacre< a netflix nao faz serie boa em temas de suicidio /massacre/estupro,0
"irmao nao brinquem com assunto sobre suicidio comigo nao serio. e um problema muito serio que precisamos ajudar . nao diz que vai ligar pro 190 pra avisar pensou que ""queria"" me matar liga pro 188 e ajuda preservar vidas. valeu grato.",0
acho que nunca tinha sentido a vontade de suicidio diario ate chegar a universidade,1
a serie aborda temas como depressao bipolaridade suicidio racismo homossexualidade transexualidade alcoolismo abandono parental agorafobia gravidez na adolescencia machismo e abuso de drogas da forma mais consciente possivel,0
a violencia travestida faz seu trottoir trottoir=passeio mt bom critica social foda e suicidio tudo que ele tinha cabia no bolso da jaqueta a vida quando acaba cabe em qualquer lugar,0
prevencao de suicidio : 188 0800 273 8255 0800 290 0024 se pelo menos 10 pessoas derem rt ja ajuda e muito importante.,0
mo vontade de cometer um suicidio,1
luisa foi tentar me explicar matematica quase que a gente faz um suicidio coletivo kkkkkk porque nao tava dando pic.twitter.com/iomb3ndlvz,0
lysa fica com ciumes da sansa com mindinho e tenta jogar a garota pela porta da lua mas por fim acaba sendo jogada de la pelo proprio e eles dizem que foi suicidio . pic.twitter.com/rmhcouuvfs,0
e um caso dos animadores de estudio de anime que um funcionario era obrigado a trabalhar alem do necessario... ate desmaiou no trabalho... isso coopera para os indices de suicidio aumentarem tanto no pais porque a maioria nao aguenta pressao assim...,0
deixo aqui um desabafo grande: desde 09/05/18 penso em suicidio todos os dias acordo e a vontade vem. porque ainda nao fiz isso? penso na minha mae e desisto. a dor de perder dois filhos me atormenta muito e hoje ela se triplicou...,1
garoto mais foda... me tirou da depressao e da tentativa de suicidio quando esfregou a carta no saco...quanto vi percebi que o brasil tinha jeito!!! parabens jovem! sou seu fa! kkkkkkkkkkkkk,0
eh hj que eu quebro a cara da minha mae ou cometo suicidio,1
indio brasileiro e tudo merda comparando com indio americano. o indio brasileiro foi escravizado e cometeu suicidio pra acabar com o sofrimento. o indio americano foi escravizado e meteu porrada em geral. ja que vai morrer morre causando.,0
conheco sim mas bem pouco. e sobre oq? pretendo assistir ja que confio no seu bom gosto  assiste por favor e sobre uma moca que ve a outra cometendo suicidio e como elas sao identicas ela resolve assumir a vida dela e a minha vi... ...,0
sina deinert  ja tentou suicidio  frequentava a casa sa vitima periodicamente  religiosa  atua nas pecas da escola pic.twitter.com/kznpuhstcp,0
adolescente tenta suicidio apos professor pegar celular ...,0
ela iria o negligenciar ate que ele desenvolvesse depressao depois recomendaria o suicidio como cura ...,0
"ah teve o momento ""nao aguento mais essa merda"" ai eu tentei suicidio e falhei miseravermente",1
do nada veio um mood de raiva e suicidio,1
ja tem 7 anos que ele cometeu suicidio,0
carxjlho eu fui olhar a foto de perfil d euma menina que eu nao falo a muito tempo e liguei pra ela sem querer meu deus eu quero morrer,0
eu quero morrer puta que pariu,1
"nao, nao consegue!!! pelo amor de deus tao querendo me matar",0
e a vacina para os professores e demais funcionarios que manterao a escola aberta? atitude suicida!,0
"outro tecnico e o tarcisio, que riu junto com o bolsonaro do suposto aumento das taxas de suicidio",0
pc de cuuuuu filho da puta desgracado arrombado e tudo de ruim aaaaaaaaaaaa eu quero morrer,0
quero morrer,1
"na fala, ele tambem atacou a saude publica kkkkk nao sei quanto a voces. mais e muito bom ver esses anencefalicos cometendo suicidio pela boca todos os dias. ainda mais com essa cpi ai com o renan espumando toda vez que fala do tema.",0
porque a minha tml so tem o namjoon? vcs querem me matar de tristeza???,0
vou me matar entao,1
"vsf bbk kkkkmmmkk suicida nao, apenas burra",0
viado o bicho quis me matar vo xingar ate a mae dele,0
comecei dois animes novos e esqueci completamente de bnha kdkddkdkdkdk minha amiga vai me matar,0
serio dangelo a um passo de me matar,1
vc ri de suicidio?,0
suicidio,1
acabei precious minha vida nao tem mais sentido quero morrer,1
se for p me matar posta logo rita castillo is coming,0
vou me matar,1
permissao pra me matar,1
que vontade de me matar,1
quero morrer,1
eu to entrando em uma puta crise existencial quero morrer,1
**meu teclado poliglota quer me matar,0
"vei, essa oscilacao de temperatura na primavera vai me matar de rinite pqp",0
ai eu quero morrer,1
"to triste, quero morrer",1
tao mal ao ponto de cometer suicidio,1
"mais uma grande perda na dublagem brasileira iara rica foi a primeira voz brasileira da alerquina, em 'batman: a serie animada', e no filme 'esquadrao suicida'. a dubladora havia sofrido um aneurisma,foi operada, mas infelizmente teve morte celebral. descanse em paz.",0
voce quer me matar de ansiedade ne? kkkkkkkkkk so porque estou com mt saudade e marcamos nosso role,0
meu orientador vai me matar? muito que provavelmente,0
"se o arthur de candulu ou sei la como ele e chamado, nao sair hj, eu nao sei oq faco da minha vida (obs: to pensando em suicidio) -- se a camilla eles namoram euliette adnet tikki camilla de lucas mercado livre",0
"infelizmente felipe ficou marcado negativamente por dois jogos (sendo que um foi culpa do esquema suicida de abel braga no segundo jogo da final da cdb de 2004, onde poderia jogar pelo 0 a 0 ou 1 a 1) e o jogo contra o cruzeiro quando jogou a camisa apos fazer o gol.",0
"ele toda hora nao surta? tem nem condicoes, mandei ela tomar no cu e fui expulso, ainda bem que hj a minha familia super me aceita, mas ate em suicidio pensei .",1
"o vice-diretor da minha escola fez uma reuniao com todos os alunos, e um mlk chamou ele de boiola quero morrer",0
acabei de concluir que nao adianta me matar fazendo conteudos bons todos os dias porque por mais que eu me mate o logaritmo so entrega qnd ta afim... entao chora bb,0
alguma mulher com coxao pra me matar sufocada ? eu pago !,0
quero morrer,1
as cores novas da pista de bike/caminhada do parque alvorada acabaram de me matar,0
as vezes eu me pergunto como a viu tube conseguiu cuspir na boca de um gato tipo assim ja e nojento e da odio mas eu ainda me pergunto como eu faco carinho nas minhas gatas e elas ja querem me matar,0
bell nao aguento mais quero morrer,1
toda vez que aparece o dudu eu quero me matar e quando e o tato eu quero que morra,0
quero morrer,1
minha terapeuta me perguntou oque eu quero pro meu futuro quase respondi suicidio,1
"perversos patetas se nao fosse o vaidoso governador doria, se quer teriamos essa vacina, que por sinal e a mais usa por aqui... e voces querem destruir isso... vcs so corroboram a minha teoria que o bolsonarismo e uma seita que prega o suicidio coletivo.",0
"cara chatoo!! a aula nem comecou e quero morrer! ainda vai passar um """"""""trabalhinho"""""""" e provavel que seja pro tempo livre.. meu anjo?? quem tem tempo livre nesse lugar??",0
foda-se daqui a pouco tem real madrid pra me matar do coracao,0
preciso dizer que eu odeio ouvir musica de gnt que ja morreu. acho mt bad vibe. chorao eu ja achava deprimente mas dps que ele morreu a musica ficou quase um hino suicida. vcs tambem sao assim?,0
"eu falei que o segredo era usar o esquadrao suicida. ja temos lula e renan em campo, falta o cunha",0
diga nao ao suicidio,0
eu so quero morrer,1
henrique como assim tu nao ta em primeiro lugar ?? a vou me matar,0
a dubladora iara rica infelizmente veio a falecer nesta terca feira no dia 27 de abril. na dc ela era conhecida por dublar nossa querida arlequina em varias animacoes e no filme do esquadrao suicida. nossos pesames para os familiares e amigos da dubladora.,0
eu quero morrer,1
eu to me sentindo feio quero morrer,1
depois eu fui na faculdade e tinha um bandido atras de mim. eu falando com a advogado eu disse querem me deixar virgem. o bandido escutou .depois pronto ! quem estava escutando com minha irma queria que eu voltasse para algum lugar . pois queriam me matar .,0
tanta coisa pra fazer hoje e a colica vem pra me matar derrubar e humilhar,0
"eu andando na barra com rhana o velho conversando na rua: ""ela ficava ameacando me matar, ai eu fui la e matei ela"" eu e rhana se olhando:",0
tava fazendo a atividade e copiei uma questao todinha errada gente eu quero morrer depois disso,0
odeio odeio odeio a minha vida... que vontade de tomar a cartela de calmante pra dormir pra sempre,1
"em entrevista para a revista total film, margot robbie falou sobre interpretar a harley quinn na visao de um novo diretor. confira:",0
lrt eu vo me matar,1
vou me matar,1
"quer me matar e fazer as coisas de ma vontade, caralho e so falar que nao vai fazer",0
minha nossa imagiba amanha entao meu deus quero me matar,1
vao querer me matar com essa comparacao (ou nao),0
quero morrer,1
"eu quero morrer mano, eu sou mto burra!!!!!",1
vou me matar,1
meus pensamentos tipo um evento astronomico... cometa suicidio,1
quero morrer toda que eu abro a camera frontal sou tao feia adeus,1
"pensei que o dia de hoje ia ser bom, nem 16h ainda e ja quero morrer",1
"senador americano que cometeu suicidio ao vivo, apos assumir corrupcao na sua gestao",0
"voltei pra dieta, voltei a me hidratar e minha mae ta pra me matar na academia, fe que vai da certo",0
vou me matar,1
eu to tentando nao me matar para de fazer eu me sentir inutil e ter medo dr vc,1
fazia tempo que eu nao queria me matar assim,1
odio vou me matar,1
essa oab vai me matar,0
ele falou que eu sou fofinha eu quero morrer,0
" greys anatomy (serie)  nela sao abordados varios temas, como por exemplo: estresse pos traumatico, aborto, tentativa de suicidio, racismo, violencia contra a mulher, vicio em drogas, alcoolismo, depressao e esquizofrenia.",0
"querido diario: quebrei a perna do meu oculos, acho que minha mae vai me matar",0
que odio cada um na conta do outro vcs querem me matar????????,0
"boatos que vai ter spin off de himym, vao estragar a serie quero morrer",0
"ei irmao me diz como vc ta, a sdd ainda vai me matar",0
e nao e que esqueci de almocar de novo? minha mae se fica sabendo vem aqui so pra me matar (depois de me alimentar),0
9 reais um sorvete meu pai vai me matar,0
ai enquanto ele ficava o tempo todo chamando as pessoas pra sair porque se ficasse sozinho ia ser perigoso a menina tentou suicidio 2 vezes  se nao fosse o autodiagnostico dele talvez ela pudesse ter descoberto a dela e teria evitado a situacao,0
"desisti, vou tentar suicidio",1
queria tanto ter coragem de me matar serio eu nao quero mais ser eu nao,1
"tem um cara novo na redacao que e a cara de alguem, e eu to a um tempao tentando ver qual e o famoso que ele lembra e so agora me toquei que ele deve 100% estar pensando pq que essa maluca ta me encarando mn?? vai me matar??",0
os sete maridos de evelyn hugo spoilers . . . celia vai me matar de chorar,0
eu me odeio quero morrer odeio minha vida,1
eu quero morrer.,1
nao...eu geralmente parava pra pensar em como eu poderia me matar ou pensando em chegar em casa pra deitar ou ficava pensando daqui a uns 20 anos eu ganhando bem viajando,1
"idc, a minha carta de suicidio vai ser dedicada a ti agora",1
vim em n.i so p ver o preco do perfume aiai vo me matar,0
meu deus o bravo vai me matar do coracao ainda,0
"pelo amor de deus, vc quer me matar???? cara mas esse barry allen e um grande lindao ein, to ansiosa pra ver ele na 7 temp",0
nao amiga sinceramente viu vo me matar,1
nasceu nao kakakkaka o medico quer me matar do coracao ,0
meu deus eu quero morrer,1
hj faz um ano que eu fui liberada do hospital dps t tentar me matar,1
"""q dia bom, adoro a minha vida"" *abro o cs e jogo 5 minutos ""quero morrer""",0
eu quero me matar de tanta vergonha,1
descobri tanta coisa hoje sobre aquelas porra que me difamaram no em que to tendo um ataque de panico quero me matar,1
vou me matar,1
to estranhando meu cabelo... ele ta bonito por varios dias consecutivos kkkkkk isso e muito suspeito... acho que ele vai tentar me matar kkkkkkkk,0
"o som do dia: i have a love, de for those i love suicidio e um assunto complexo, e a maior virtude desse disco e lidar com essa complexidade de um jeito poetico.",0
"agora ta tocando skank - dois rios quer me matar, so pode",0
vamo suicidio coletivo,1
"ai quero me matar hoje, minha lua no cu de jupiter que deixa assim",1
nao e suicidio se eu comer a filha do agiota,0
eu quero morrer porque eu to chorando por essa???? ela ta foda-se pra mim,1
segunda vez seguida que eu bato ponto na hora errada meu deus meu chefe vai me matar socorro,0
essa alergia ainda vai me matar,0
"indo pra escola fiquei depressiva, nao indo pra escola virei suicida",1
eu vou me matar eu vou cara eu vou,1
"eu tambem sou, devo tentar suicidio?",1
simulado amanha eu quero morrer,0
socorro jae vou me matar,1
em suicidio,1
"li soojin pela barra de notificacao com o cu na mao, ai eu vi que era a soojin do weeekly, quer me matar portal?",0
"descanse em paz, iara rica! briggs acabou confirmando que iara nao resistiu ao aneurisma e teve morte cerebral apos varios dias no hospital em coma iara foi a dubladora da arlequina por 20 anos, inclusive dublou em 'esquadrao suicida'. toda forca aos familiares e colegas",0
meu chaesoo eu quero morrer!,1
"ja falei que nao quero morrer porra, vai se chamar gal na puta que pariu e sem as pernas do bb, boa sorte com o 1 terco e 2 pais",0
se esse menino nao for gay ou bi... eu vou me matar,0
"alexandre no presidio, eu pensando em suicidio",1
"fds so quero morrer, so com amigos e que consigo me animar-",1
porque ngm me avisou que eu ia querer me matar depois de assistir i care a lot,0
"top 10 medos absurdos que sao so minha ansiedade 1. morrer de forma ridicula 2. ficar tetraplegico e nao conseguir me matar 3. ser enterrado vivo 4. isso tudo ser um pesadelo 5. ser o unico sobrevivente de alguma coisa 6. morrer de ""causas naturais"" 7. isso ser uma simulacao",0
vei pelo amor de deus o excel vai me matar,0
"sabe oq leva a depressao e suicidio? perder a mae, o pai, o avo, a avo, o irmao pra essa doenca... pobres de verdade nunca ficaram em isolamento nem mesmo no lockdown porque nao tem nenhum tipo de home office pra eles pobres morrem de fome e de covid, mas bolsonaro so quer culpar um",0
pedi acai 5min depois de ter reclamado que eu gastei muito esse mes pra minha mae... ela vai me matar,0
minha tml vai me matar,0
"ta uma merda, eu so quero morrer literalmente",1
eu quero morrer,1
quero morrer serio kkkkkkkkkk,1
e ainda tem rumor de performance da selena ai os dois vao me matar,0
meu pai deixou o gas ligado esse homem quer me matar e,0
"me preparei emocionalmente o mes inteiro pra vir na primeira consulta com o terapeuta novo, cheguei aqui e eles mudaram o horario sem me avisar, ele nao vai me atender. eu quero morrer e to chorando no meio da rua.",1
que vontade de comete suicidio uaaar,1
"puta merda,quebrei um copo,minha mae vai me matar",0
eu quero morrer,1
"a gente conseguiu ficar atras do cruzeiro, vou me matar",1
queria me matar,1
nao e mas suicidio quando vc esta morto por dentro..,1
"muita vontade de bolo de chocolate, vo me matar",0
irmao vsf meu afilhado de 1 ano ta de piruzinho duro vendo clipe de funk pqp quero morrer juro que porra e essa,0
minha coluna hoje vai me matar,0
"entende meu choro agr, vo me matar",1
hmkkkkk eren acorda vc nem tempo pra viver quem dira me matar,0
"a dubladora tem um longo curriculo na dublagem brasileira, tendo dublado personagens como a florzinha em 'as meninas super poderosas', charlotte em 'a princesa e o sapo', alerquina em 'esquadrao suicida' e london tipton de 'zack e cody' nossos sentimentos a familia e amigos",0
"se o mundo fosse serio, suicidio assistido seria legalizado e eu nao precisaria lidar com esssa merda inteira vivo. vou ter que estudar tecnica de hara kiri nessa merda? cade a porra da suicidio pill globalistas, eu nao quero mais ficar no mundo lixo de voces",1
me segurando p nao acabar c a cocada se nao meu pai vai me matar kkkkkk,0
"deu gatilho... fui compra remedio hj, a receita venceu e eu tenho borderline. quero matar o mundo, comer doce e lanches aate explodir e me matar. poxa fala isso nao qhfiauhduas",0
brinca com essas parada nao doido eu sonhei que eu tava sendo cacado por um monte de gente que queria me matar,0
"minha mae vai me matar dessa vez, mas vou fazer",0
sim vei o povo falta me matar porque nao gosto nem de eremika nem de aruani,0
vou me matar. serio. nao da pra entender nada,1
eu quero morrer quando isso acontece,1
indo lavar vasilha enquanto planejo meu suicidio,1
"[27/4 15:22] : que mane de golpe oq,acordei e ja quero dormir dnv p ve se eu consigo sonhar c ele novamente a kkkkkkkk vo me matar fml",0
"ai, foi o melhor a pior dia da minha vida... ate hoje eu lembro da sensacao de cada segundo daquele dia, o frio o calor a raiva o medo... eu tinha acabado de tentar um suicidio, mas na verdade nao queria me matar, so queria ser feliz foi quando entendi que era gay",1
suicidio coletivo quem vem?,1
so falta isso aqui pra eu querer me matar,1
vo me matar,1
se minha intensidade ainda for me matar eu prefiro ser poesia e ter historias pra contar,0
saio cinco minutos do tt e tem 11948292 teorias sobre o lou vcs querem me matar????,0
vou me matar,1
"almocei e fui dormir um pouco, agora vou me matar nos deveres",0
fui assaltada. grande dia. quero morrer.,1
vou me matar,1
"...&gt; do inquerito policial-militar no galeao e o suicidio do presidente, por conta da avassaladora onda de desrespeito e provocacoes feitas ao chefe de estado. naquela ocasiao, nas suas palavras, o presidente saiu da vida para entrar na historia com o incomodo sentimento de ..&gt;",0
santinha ainda vai me matar do coracao...,0
vivendo porque suicidio e pecado e deixa a coroa triste,1
indo estudar porque infelizmente eu sou tao inutil que nem no suicidio eu me garanto,1
eu quero morrer eu nunca quis tanto morrer quanto agora eu to a um passo de me matar de literlamente tentar suicidio,1
ele vai me matar do coracao,0
"essa semana eu to tao atarefada, quero morrer",1
"eu vou me matar, fds",1
vontade de me matar,1
ai irmao eu quero morrer lendo isso,1
quero morrer,1
mds gostar de homem e um castigo que odio quero morrer,1
vou me matar nao aguento mais.,1
que vontade de me matar aaaaa surtos,1
eu em casa: bissexual irritado eu no tt: bissexual suicida eu no wpp: bissexual palhaco eu no ig: bissexual gostoso eu na escola: bissexual introvertido,0
rachei a tela do meu celular vo me matar,0
meu deus a yuna vai me matar quando descobrir oq eu fiz e o que eu ~quase~ fiz,0
a willow vai me matar confirmado,0
o meu prof vai me matar ,0
porque mjnha professora ta ensinando um suicidio?????,0
"mostrou-se tecnica, sem ceder a pressao nenhuma: - cancela teste com vacinas por causa do suicidio de um dos testados, alegando que era por causa da vacina; - barraram a maconha medicinal por pura birra ideologica; - diretor ao lado do jair nas manifestacoes antidemocraticas.",0
perdi minha pulseira da vivara quero morrer,0
minha unha quebrou quero morrer,0
meu gato fugiu vo me matar to mal,1
eu quero me matar pelo amor de deus,1
a musica do up altas aventuras ta na minha cabeca enquanto rola umas cenas tristes... vontade de dormir pra sempre,1
nossa to mal quero morrer vou me matarrr,1
filho duma agua quer me matar,0
meu melhor amigo nao responde minha msg 1 sem ele vou me matar,1
"sonhei agr de tarde que eu ganhava dois cachorros, um azul e outro amarelo minha familia tenta me matar ate nos sonhos (sou alergico)",0
aplicar o suicidio ne,1
"e eu to comprando tenis que so a desgraca, minha mae vai me matar kkkkkkkkkkkkkkkk",0
"acho que vou me matar mendexxxx, alguem me chamou de feiah",1
os meus autores favs tiraram o dia pra me matar,0
"sim eu sei qie eu sou um lixo e eu sei que vc se arrepende de como me criou, pode me matar eu agradeco",1
"o danganronpa vacilou em botar esse tanque de guerra como uma mulher, e estranho demais, eu nao consegui me apegar a ela. *spoiler alert* mesmo nao conseguindo me apegar aquela carta de suicidio foi emocionante",0
to precisando ganhar respeito no gta porque eu mostro minha carinha linda e os cara ja quer me matar,0
ai estes flashbacks vao me matar ,0
eu quero morrer,1
"eles nao param, vou me matar",1
"nao apoiem a reforma administrativa. e suicidio eleitoral . 2022 esta ai. nao deixem a corrupcao se legitimar no servico publico. estabilidade sim, servico publico sim. servidores estao dando a vida pelo povo.",0
se eu for mal nesse trabalho eu vo me matar porra assunto que domino pakas se eu mandar mal eu nem sei fi,1
voce quer me matar ?,0
professor andre quer me matar so pode,0
nossa eu vou me matar muito e vou matar a laura tambem,1
fui tentar desenhar nsfw e saiu mt ruim suicidio deprwssao,1
"meu anjo eu disse vilao que tem protagonismo,os diretores nao iam me matar",0
"ele recusou a compra de mais de 70 milhoes de doses de vacina e mais 11 ofertas, fora que comemorou o suicidio de um dos voluntarios da vacina do butanta. ele foi impedido de mexer com o isolamento social dos estados e municipios, mas ainda era o responsavel pelo planejamento.",0
suicidio coletivo vamos?,1
"escola me faz querer me matar, contando os dias pro ultimo dia de aula",1
pensando no meu suicidio,1
a upe quer me matar do coracao,0
e se eu me matar,1
"so queria me matar para acabar com toda essa vergonha, mds sempre humilhada por ser burra",1
se eu nao chegar do medico a tempo de ver a champions eu vou me matar,0
tava dando conselho pra minha amiga e o microfone da aula tava ligado eu vou me matar,0
depende do que eu marco como incentivo ao suicidio.,0
depois desta so quero morrer,1
talvez minhas aulas voltem dia 10 quero morrer nao sei mais socializar to em uma turma nova vou ficar mais triste ainda mas quero voltar e nao quero vou surtar,1
que vontade de me matar...,1
qual o sentido de usar mascara e nao colocar mascara no seu filho ???????? eu quero morrer quando vejo isso,0
zo vermelho sus me matou e o jack the killer quer me matar,0
"o aplicativo querendo que eu faca treino de perna dois dias seguidos, quer me matar e?",0
vai rick riordan ta querendo me matar de ansiedade?,0
quero morrer marcelo quero morrer com essas noticia,1
passar de semestre porfavor eu vou me matar se nao passar,1
pessoal fica querendo comparar isso com o bloqueio nos testes da coronavac que teve ano passado apos o suicidio de um dos participantes do trial,0
eu vou me matar veyr,1
quer me matar mulher???? chocada com essa belezaaaaa,0
lucas eu vou me matar serio,1
juro que ler noticias me da vontade de cometer suicidio.,1
meudeus eu quero morrer,1
minha vo vai me matar de estresse,0
tem uma fucking musica da billie no album que se chama billie bossa nova billie??? mulher??? quer me matar de ansiedade????,0
o esquadrao suicida tem novas imagens divulgadas (,0
eles querem me matar de ansiedade.,0
inventei de cortar o cabelo sozinha e agora quero me matar,1
aaaaaaaaa voce quer me matar rafaaaaa... meu ranu ,0
mesmo com a fe escassa acredite o melhor suicidio e aquele que tu fracassa,0
eu vou me matar,1
pena que o suicidio e pecado,1
"claro que vc me deixa bem, bem mais disposta a cometer suicidio",1
eu quero morrer,1
hoje a enxaqueca e enjoo querem me matar,0
eu so quero morrer pqpqpqpqpqpqp,1
minha namorada ainda vai me matar do coracao c esse negocio de me chamar pelo nome,0
esses dois dias vao me matar de ansiedade ainda...,0
"eu so queria um tutorial de como explicar sumico sem ter que falar que tem problema mental pior que eu ia ver isso com a psicologa amanha, ela nao podia esperar mais um dia pqp eu vou me matar",1
"to me sentindo em um jogo de sobrevivencia onde eu mesma quero morrer mas todos os meus amigos estao fudidos e eu tenho que esquecer tudo que to passando e ser forte p ajudar eles, e quando eu consigo ajudar eu lembro dos meus e ai sao eles que vem me ajudar, meu deus to na pior",1
teoria arqueologica comprovada e pra me matar viu,0
quero morrer amg me mata pfvr,1
eu vou me matar nao aguento mais essa pressao caindo como se eu nao tivesse vida e coisas pra fazer,1
eu vou literalmente me matar,1
nao comeca suas paranoia de que e sempre voce por favor eu nao aguento mais vou me matar,1
"albuns do john frusciante: nlaujat: cocaina trowftd: efeitinho twtd: quero morrer scwp: nao tenho amigos ioe: depressao curtains: curtinho asithos: que porra? empyrean: eu vi deus pbx: go back enclosure: musiquinha no espaco maya: oh shit, go fucking back",0
nao ri a minha mae vai me matar,0
esse tempo so queria estar abracada debaixo de um lencol com a pessoa que eu amo mas preciso eh me matar de estudar,0
serio eu vou me matar. eu nao posso nem comer por causa dessa bct,1
vais me matar tu,0
vsf paguei boleto dia de sabadokdbwkdnakdndo vou me matar,0
querem me matar de curiosidade e?!,0
"tava no tikteco, vi isso e agora quero morrer",1
desperdicei 4 colheres de milho minha mae vai me matar,0
eu ja so quero morrer tbh porque e que raio achei que seria boa ideia?,1
"comprei umas blusas perfeitas, mas quando experimentei ficou uma bosta por falta de peito. vou me matar",0
deveria me matar,1
o odio que eu to meu deus a qualquer momento posso me matar,1
nao que a gente tenha feito muita coisa dele mas pelo amor eu quero morrer,1
"e pensando como alguem que gosta do barcelona, bom, ai eu quero me matar",0
ricardo riordan voce quer me matar do coracao solta o papo logo,0
e eu chorando pensando em como teu pai iria me matar kkkkkkk,0
troquei resposta de questao no simulado que tava certa e errei vou me matar,0
eu vou me matar que estresse,1
quero morrer,1
essa rinite quer me matar,0
"cara, a mina vai fazer 20 anos proximo ano??? que????? to mal quero morrer",0
que inveja tchau quero morrer,1
meu deus eu vou me matar,1
suicidio,1
"giovanna do nada me lanca que sonhou que eu tava namorando, vo me matar",0
entrei na aula com a cam ligada sem querer wu quero morrer tcha btchau,0
minha cabeceira chegou menos 1 motivo pro meu suicidio,1
"votar e uma coisa, me matar bo gshow so pro gil",0
serio quero morrer..,1
louis meu deeeeus vc quer me matar,0
cpi da covid e nosso esquadrao suicida. pegamos alguns dos bandidos mais perigosos do pais para tentar pegar o sujeito que mais mal esta fazendo para o brasil no momento.,0
gay voce vai me matar,0
quero morrer,1
"eu so to na avla ha uma hora e meia, mas se alguma coisa acontecer com eles eu mato todos os envolvidos e depois cometo suicidio.",1
pronto to mt brave vou me matar,1
minha mae disse que quem se suicida vai p inferno mas quem disse a ela que eu tinha chance de ir p ceu???,1
ai vou me matar,1
"fav e eu te marco com uma bandeira : te deitava no soco : amigao : te amo : beijava : oi, quer namorar cmg? : sou apaixonado em vc : te acho gata (o) : passa wpp? : acho vc gay : sou boiola por vc : nem te conheco porra se ngm responder vou me matar",0
sera que suicidio e uma opcao?,1
olha eu desisto quero morrer,1
quero morrer.,1
tava tudo bem ontem ate eu acordar hj pensando em suicidio otimo,1
esse governo ainda vai me matar de odio!,0
"quando o lucas foi falar ano passado que eu tava em crise e tentei suicidio, ele tinha me deixando dormindo depois de chegar do hospital, mae e irma pediram pra ele nao tocar no assunto. minha familia ignora minha doenca e me ignora sempre que possivel",1
pelo amor de deus ele parece um bebe eu quero morrer,0
"visualizei o story do menino que ele tinha postado fazia so 5 segundos, quero me matar toda vez que isso acontece.",0
que susto caralho queria me matar,0
nao quero morrer com uma cabecada de um mf futuro sogro qlqr,0
louis ainda vai me matar com esses numeros,0
"por diversas vezes, pensei e ate mesmo tentei cometer suicidio, pois mesmo eu trabalhando como faxineira, o meu salario e muito baixo.",1
pra que estudar se eu vou me matar msm?,1
essa reninte ainda vai me matar que saco ,0
"hal vai postar cover de fallin pra me matar de uma vez, porem vou ver so depois porque agora eh hora da naninha",0
eu quero me matar.,1
"fazer-se de vitima pode ganhar pontos socialmente hoje em dia, mas posso garantir que se voce acreditar nisso vai ser pessimo pra sua saude mental. nunca se veja como vitima nem tenha complexo de culpa, isso e caminho pra ideacao suicida.",0
"eu volto na hora do almoco, agr irei me matar :d",1
perereca suicida si joga na pica si joga na pica,0
"nao defendo eles nao. e que numa balanca de ruindade, a gente pende pra um lado. e se for pra assistir coisa ruim, pelo menos assisto esquadrao suicida",0
as vezes extremamente complicado ir de extremamente feliz pra extremamente suicida em questao de minutos,1
quero morrer,1
espero que a laryssa nao veja minha mensagem nem tao cedo kkkkkk vai me matar,0
"que tortura estudar processo penal meus amigos, processo civil e mil vezes melhor, quero morrer",0
"ai to indo ali me matar, tchau kkkkkkkk",1
vou tomar cuidado entao porque o post malone vai tentar me matar,0
kkkkkkkkkkkkkkkkkll eu vou me matar!!!,1
o meu vicio em cafe vai me matar de dor de cabeca ou de gastrite,0
eu comprei um negocio sem querer no cartao do meu irmao ele vai me matar,0
quer me matar e o cliente dizer que quer o pastel que ja esta fritado,0
e vamos de suicidio,1
essa rinite ainda vai me matar,0
ta bom nao aguento mais quero morrer,1
so qri dormir pra sempre,1
eu vou me matar mesmo nao adianta nada investir em mim,1
suicidio morte depressao tristeza sentimentos ruins,1
coronavirus nao pode me matar pois eu ja morri ouvindo como a historia de amor tharn e type ultrapassou a morte,0
ok eu quero morrer dps de ver isso,1
suicidio coletivo ;),1
eu vou me matar eu juro,1
nossa querjo me matar eu vou me matar.,1
a minha quer me matar todos os dias com atividades,0
quero morrer,1
"tenta achar um duo sup para ajudar , ficar jogando solo de adc e suicidio kkk",0
"""ele apertou meu pescoco com os olhos em chamas. poderia facilmente me matar ali mesmo se nao tivesse seus principios irreais.  nao me provoque, jones.  e apenas uma observacao, imperador.  sorri e ele me soltou. te vejo em alguns dias em madilian, mestre. tic tac.""",0
eu quero morrer com isso,1
hoje minha irma chorou por culpa minha e eu quero morrer odeio fazer qualquer pessoa chorar ainda mais minhas irmas,1
"uma semana sem eu ficar sozinho em casa, eu quero morrer",1
e se eu me matar? me parece uma boa.,1
porque me matar assim,1
"vei, minha mae vai me matar",0
mainha me comparou com todos os meus amgs que sao bons alunos  falando que eu tenho bons exemplos porem nao sigo nenhum deles :d me comparou ate com meus mlrs amgs sinceramente acho que vou me matar,1
eu disse que ia me matar no insta e denunciaram meu stories dizendo que eu preciso de ajuda.................,1
"a pena ideal e anular qqr diploma d curso superior e colocar eles junto com outros estupadores, alias podia ter um predio presidio com um andar so d cerumano assim, d msm patamar! e anular, proibir qqr possibilidade d suicidio, e deveriam viver mt",0
irmao eu nao aguento e se alguma coisa acontecer eu vou me culpar pro resto da vida que sera pouco porque eu vou me matar kk,1
"as vezes acho que essa colica vai me matar de tao forte que e, chego a passar mal",0
quero morrer,1
bebam agua so a colica renal ja quer me fazer desistir e me matar para parar a dor,0
ia colocar uma header de jjk mas sempre que penso no manga quero morrer entao melhor haikyuu que ngm morre - apesar de ter time skip e esse ser meu maior sofrimento e ao msm tempo maior felicidade,0
quero morrer,1
ah pronto voce quer me matar de curiosidade e isso???????,0
"eu nao aguento mais viver, alguem por favor faz a gentileza de me matar, obgd",1
vi um negocio hoje no trampo que deixou o suicidio muito mais tentador...,1
queria me matar mas e tao perigoso,1
eu quero morrer!,1
so estuda quem nao se garante no suicidio,1
eu quero morrer,1
"no dia que eu falar isso pro daniel ele vai me matar com um olha so kkkkkkk, sofro",0
"ja nao chega todo semestre eu me matar fazendo os projetos, hoje tive a bela noticia de que meu trabalho do semestre passado esta sendo usado por outras pessoas, gente as criaturas nao tem nocao mesmo ne",0
que vontade de me matar,1
"nao faca isso comigo marcelo, voce vai me matar cara .hahaha",0
eu. quero. morrer.,1
"parece que as coisas perderam a cor desde alguns dias atras... eu vou tentar suicidio e se isso dar errado, eu vou tentar de novo",1
o kindle de todo mundo atualizando e o meu nao quero morrer amazon porque me odeia,0
"esse enjoo vai me matar, fui fumar e quase vomitei ",0
enquanro isso to esperando a atualizacao com o cap 6. suzanz vc quer me matar?,0
"cada dia que passa o suicidio deixa de ser ser uma opcao e se torna uma certeza, pqp",1
vou me matar vei eu juro,1
bissexual? lesbica? pansexual? eu nao sei eu nao sei nao faco ideia to confusa queri me matar,1
"caras eu tenho que ir almocar, minha vo vai me matar swrio",0
quando eu precisei de prazo a mais porque fiquei 3 dias em coma depois de tentativa de suicidio ninguem tava nem ai. agora vem esse pipipi popopo depressao ansiedade nao sei o que nao vou nem dizer qual era minha vontade porque senao o twitter me derruba,1
eu tenho vontade de me matar toda vez que alguem fala comunista de iphone e eu nem sou comunista!!!!,0
eu quero me matar serio,1
"acho que so vou conseguir me matar realmente quando eu tirar a culpa das pessoas, a culpa sempre foi e sera minha, nao quero que ninguem se sinta mal por mim, lembre dos momentos bons, os ruins eu pude providenciar sem nem saber",1
bia quer me matar do coracao ,0
bom o algoritmo me levou pra videos de psicografia que o espirito explica que nao foi suicidio e sim acidente vi dois estou aos prantos boa noite,0
a cada dia que se passa um suicidio me cairia bem,1
boa tarde p quem??? eu quero morrer porra,1
"elisee novo, lily com creme na promocao e eu so queria um de cada, boticario ainda vai me matar",0
quando eu me matar,1
vou me.matar,1
quer me matar de nervoso e atrasa agendaaaa,0
"eu to ha mais de um mes sem ir na barbearia, pelo amor...isso e suicidio social",0
"esqueci de desejar feliz aniversario a uma das minhas melhores amigas da vida, amizade pra la de 10 anos. lembrei do aniversario o dia inteiro, so esqueci de mandar mensagem. fechei os olhos pra dormir e dei um pulo, ja eram 00:03. mandei mensagem mas sinto que ela vai me matar.",0
nao entendi vou me matar,1
"queria morar em uma casinha no meio do mato sozinha, mudar de nome e dps me matar",1
nmrl eu tava pensando em suicidio e a pessoa vem me pedir algo que,1
minha sandalia torou no meio da rua meu deus eu me odeio vou me matar agora,0
eu quero morrer,1
vou me matar,1
sarah e rodolffo ainda vai me matar de curiosidade,0
toda vez que escuto a voz dela sinto vontade de me matar,1
queimei o bolo o que eu faco???? minha vo vai me matar,0
a beira do suicidio,1
cara o vai me matar com esses stories dele .,0
como que tem gente que consegue correr na praia vei eu ando 2 segundos e quero morrer,0
as vezes eu acho que o louis vai me matar do coracao,0
"liguei o video game do boy cliquei no jogo dele sem querer e fiz merda , ele vai me matar kkk",0
mma e meu cu vamos de suicidio,1
vou me matar,1
eu vou me matar,1
"se a cpi servir pra frear as idiotices do governo (e, quem sabe, salvar a vida de alguns milhares de brasileiros) ja estaremos no lucro. o que vier dai em diante (renuncia, impeachment, cadeia, suicidio ou linchamento em praca publica) e lucro.",0
"kkkkkk seeei, vai e me matar",0
"quero morrer seu amigo e nunca te injuriar de modo algum. numa dessas, vai que meu braco termina indo parar num lugar pouco provavel por torcao, sei la... :p rsrs",0
"isso e vdd, mas e muito melhor cometer suicidio do que esperar a morte",1
vou me matar,1
"[kin] comigo. por sorte, mira queria me matar por ter vazado. mas com crianca nao se mexe, e minha indignacao falou mais alto.",0
"to cansada dessas crises que quase consegue fazer eu me matar todas as vezes que aparece, cansada de mim e de ter que ser forte p nao deixar ela aqui",1
acabei de ouvir um barulho no banheiro e parece ser de um bicho voador e grande que vai me matar,0
vou ter que usar a conta que meus pais coisaram o family link pra me monitorar suicidio sim ou sim?-,0
vi uma rola agora no tt que serio eu vou me matar por causa de uma rola,0
"fds, vou escutar o audio dele falando que me ama pra ver se eu esqueco por 3 segundos que quero morrer",1
meu gato vai me matar de vergonha,0
suicidio,1
hmm vontade de me matar,1
a 5 passos de cometer suicidio,1
ela acabou de me assediar quero morrer,1
"eu ja estou desesperada, ja chorei to com o coracao muito apertado, eu vou me matar porque nem forca pra respirar eu vou ter..",1
terminei e nao sei se eu quero morrer ou continuar vivendo ,1
// suicidio . . . omggg provocamos sus su1cidi0ooss claro clarooo,0
"""melhor maneira de prevenir suicidio e lembrar que vai passar"" mentira que e assistir haikyuu",0
"ja me aconteceu quis me matar, ainda quero mais isso nao vem ao caso",1
"agora um poema. ""o sol esta em touro a lua em escorpiao se isso nao me matar de tesao. eu nao morro mais nao."" fim. (coisas que saem da cabeca de baixo. tadzo,matteos 2021)",0
porque nada que eu planejo da certo ?? sera que se eu tentar me matar da errado tambem ??,1
nao sei o que vai acontecer primeiro hoje eu matar alguem ou eu me matar,1
rick voce quer me matar do coracao,0
meu deus do ceu eu quero morrer,1
"sdd de pagar 5,50 do gama pra taguatinga, mas agora pago 6,95, 7 e ate 8 reais de passagem do valparaiso pra taguatinga quero morrer",0
madison reyes voce quer me matar do coracao aaaa,0
puta que pariu eu quero morrer,1
meu almoco: uma cenourakkkkk se a vo souber ela vai me matar,0
nao deixaram comida p mimcomeram tudo vou me matar,0
"to odiando os famosos usando a mulher pra ganhar biscoito, galera faz uma musica generica em 5 mim e bota o nome dela no meio do pra fazer dinheiro eu quero morrer",0
"o calor que ta hoje vai me matar juro, nem ficando pelada resolve kkkkkkk um sol na cabeca de cada cearense",0
"minha mae quer me matar, passou inseticida em mim",0
eu quero morrer juro to chorando eu nao aguento mais,1
"acabei de ver uma mina no tiktok defendo pessoas a comprarem pecas de roupas --virtuais--, ou seja, um efeito do insta eu vou me matar e vou levar essa rede social junto pqp",0
"e eu que fui compartilhar aquela bagaca do ""meu shampoo ta acabando"" achando que era creme e agora tem um monte de massagem dizendo para mim nao me matar  qqqq???",0
nao gosto de cena de sexo nossa quero morrer quando tem a graca do negocio e comecar e cortar pra outra cena fica aquela coisa no ar tipo,0
retiro o que eu disse eu quero morrer,1
vomo assim eu esqurci o aniversario da elly mds vou me matar qu3 odio juro que nn foi de proposito eu anoyei no calendario mas ele nao me avisou nao e culpa minua,0
"tao facil ver que o mundo e um presidi, que esses auto edificios sao um convite ao suicidio",1
ai meu deus ! esta porque os adm da pocah nao sabem jogar como torcida . unir forcas com o inimigo e suicidio!,0
"eu to so aquele audio ""eu amo seu estilo"" ""nao, para com isso, sua mae vai me matar, para""",0
"toda vez que penso neles me da crise de ansiedade, que odio quero morrer",1
"saraaah, eu sou curiosa e vc vai me matar de tanta curiosidade kkkkkkkkk faz o favor de contar pra gente essa surpresa!! quando vc vai poder contar pra gente hein? amo vc!",0
"eu nao consigo fazer quase nada porque a porra do windows nao e compativel com nada que eu instale. gente, eu vou me matar",0
quero morrer.,1
minha enxaqueca hj vai me matar,0
"nao custa lembrar: ""vou me matar!"" nao e ""bom dia!"" ""que odio!"" nao e ""que lindo!"" seguidor de twitter nao e familia. pronto, indignacao postada com sucesso. sem sucesso, melhor dizendo.",0
vou me matar,1
eu so preciso dormir dormir pra sempre se possivel,1
meu deus eu vou me matar.,1
instalei o ttk e quero morrer porra chata,0
vou me matar,1
eu vou me matar,1
vou me matar,1
"com tentativas de sabotagem por governistas e ataques do proclamado relator a lava jato  vamos nos basear em provas, nao repetiremos a republica do galeao (que culminou com o suicidio de vargas) , cpi da covid estreia em grande estilo",0
"e oficial minha psicologa e bruxa, me mandou mensagem agora perguntando se to livre pra consulta daqui a meia hora justamente quando to sofrendo pressao psicologica e pensando em suicidio :)",1
sim eu comi palmito dnv vcs estao chocados? estao bravos? vao me matar por isso?,0
eu nao sei se eu sou suficiente eu espero que eu consiga fazer ele feliz eu mao quero ver ele mal eu sou ijutil demais eu devia me matar,1
eu quero morrer,1
nao aguento mais caralho nao e possivel que eu nao sou capaz de bater um prego quero morrer sou mto inutil estou puta nesse caralho vai todo mundo tomar no cu tmb inferno estrume bosta merda odiooo,1
ai quase tive um treco agr kkkkkk ai esses processos seletivos ainda vai me matar,0
o meu e de medo porque possivelmente vou ter que apresentar sozinha e eu quero morrer como que se apresenta?,0
"fudeu, fiz periodo grande dms e a prof vai me matar. to nem ai",0
vou me matar ali,1
suicidio coletivo qm vem??,1
merda de vida inferno odeio viver odeio ter que existir quero morrer eu preciso morrer,1
eu quero morrer,1
eu nao aguento mais ele pelo amor de deus para de acabar com a minha vida,1
"acabei de passar umq vergonha no grupo da facul, vou me matar",1
peguei e quero me matar,1
vo acender uma vela de 7 dias hoje porque ta foda a mente suicida ta d+,1
no dia que eu for fazer endoscopia eu tenho que ficar 12 horas sem tomar agua... e eu tomo agua toda hora querem me matar de uma vez e?,0
legal agora quero morrer,1
vou me matar por causa dela,1
realmente to considerando mais do que nunca o suicidio,1
tava feliz mas ai eu fui achar de ver minha posicao na lista de espera do sisu e agora to com vontade me matar de novo ,1
"eu achei que se nao me matasse em 2017 nunca mais ia me matar porque nao me imaginava passando por momento pior, 2020 e 2021 mostrando que tudo sempre pode piorar",1
quer me matar do coracao? carajo,0
"sim se vc responder com um emoji eles falam que vc ficou sem resposta mas na real e so preguica de responder sabe. e nessa publicacao era especificamente falando sobre a historia dele, outro dia foi um medio mandando eu me matar porque eu estava louca por gostar do gil e pesado amiga.",0
"eu nao tava preparada fisicamente e muito menos psicologicamente pro dia de hoje, eu so quero morrer",1
"detalhe que ainda tenho que estudar pra o**. mais um motivo pra me matar, sai da sacada, harianne",0
"mainha vai me matar, mas irei morrer bonita ",0
vou me matar,1
eu vou e me matar brincandeira,0
vo me matar,1
"estava a conversando com uma gay, falei que nao gostava da musica do emicida com a pabllo vittar, a gay me mandou um audio falando que a irma dele tentou se matar e que eu fui super insensivel com a tentava de suicidio da irma dele por nao gostar da musica.",0
meu deus eu quero me matar,1
"dia cansativo, vai da duas horas e eu quero morrer",1
"eu fiquei quase suas horas em thyphlo ruins pra o ""premio"" da shrine se um ancient core. quero morrer",0
eu tava de boa ouvindo musica medieval ate que do nada toniiigh lets celebrate maldito now united quer me matar do coracao to quase assinando o yt premium so p nao ter que ouvir esses cara,0
[27/04/2021 14:05:58] matheus william: eu cujo nome esta na lista me comprometo a pagar o contrato kkkk coso contrario felipe vai me matar - felipe -dayse -cleyton -rafa -matheus -caio -junior -adisson castro vixi kkkkkkkkkkkkk,0
"to bem, lembro de umas coisas, fico mal e quero morrer",1
indo me matar,1
"minha lei sob meu corpo (ai ja derivada a auto propriedade) e que nao podem me matar, se eu quisesse matar alguem eu teria que achar alguem que quer morrer (oq seria extremamente improvavel). essa misticidade de pactos sociais na verdade podem ser explicados em contratos individuais.",0
so hoje eu ja tive 2 motivos pra me matar e esse e o terceiro,1
"indo pra 17 pagina do h.c (e ainda e o primeiro) e to cambaleando de sono. quero me matar? sim, 100%",0
essa duvida ainda vai me matar  so queria ter condicoes de fazer **** ****** ,0
eu vou me matar.,1
viver esta complicado nao sei se qro matar algm ou me matar,1
"e eu achando que a super lua ia ser tranquilo, e agora quero matar alguem ou me matar",1
matheus deve querer me matar porque eu fiz ele comprar la tambem porque estava com muito desconto kkkkkkkkkkkkkkkkk,0
vivendo porque suicidio faz a mae se culpar,1
tudo bem(n esta nd bem a unica coisa que eu penso o dia tudo e sobre como me matar,1
leonardo ainda vai me matar com os peidos dele misericordia,0
refem de uma rotina suicida !,1
eu quero morrer tentando descobrir as senhas dos 318 emails da minha mae que ela cria e esquece (email1 email2 ahhhhh,0
cortando amizades pra que menos pessoas sofram quando eu me matar,1
se eu nao me matar a escola vai tmnc,1
eu nao estou me matando de votar mas na final eu vou me matar de votar pra tombar a jujuba,0
deus me livre kkkkk quero nem imaginar. minha mae vai me matar kkkk,0
me matar com desenhos?,0
obrigado eu ia me matar as 15h25.,1
esperando o dia que eu evoluir do quero me matar pro vou me matar,1
porque que eu fui entrar na vida dela? meu deus eu so quero morrer,1
eu beijei a menina que odio quero morrer virgem (???? kkkkkkl),0
se alguem quiser entrar na minha casa e me matar eu vou ficar grata,1
"to vendo presente p tuca e so coisa engracadinha consegue chamar minha atencao, brenda vai me matar. to achando melhor comprar pelucia",0
vou me matar,1
so de lembrar da vontade de me matar,1
felipe neto pede uniao em torno de lula contra o satanas bolsonaro,0
ele quer me matar de ciumes mesmo e isso,0
"eu vou me matar. nao sei com o que e nao sei de que maneira, mas eu vou me matar.",1
sim kkkkkk que odio eu ate conheco mta gente que morreu novo por causa de depressao mas o comportamento suicida em si nada saude de ferro,0
tem dias que nem esse que eu quero morrer so ! irmao esse fardo de enterra meu filho e viver nao da,1
"era pra ser so 15 dias de quarentena, hoje eu arruinei absolutamente todos os meus relacionamentos e estou ha 1 passo de me matar",1
2 vez que comeco a ler 27 minutes e nao consigo continuar por chorar,0
quero morrer,1
me matar e deixar minha mae triste ou continuar vivendo sendo eu triste? eis a questao,1
quer me matar e desmarcar coisa em cima da hora....,0
para de graca vai me matar,0
quero me matar mas to bem sim e vc,1
vou ali me matar,1
quero morrer,1
"nao entendi, vou me matar",1
ansioso! liberadas novas imagens de o esquadrao suicida. longa dirigido por james gunn tem estreia marcada para 5 de agosto nos cinemas,0
mais um dia sendo assediada no trabalho quero morrer,1
"madi mandou ir ver o tiktok, nao tem nada no tiktok, madison vc quer me matar",0
voce vai me matar de amores hoje!!! eu tambem amo voce!!,0
mandei meu tcc 2h da manha (o prazo era ate meia noite) pedindo pelo amor de deus pra considerar mesmo depois do horario e agora to levando um vacuo do meu orientador thalles se vc quiser me matar me de um tiro que e menos doloroso,0
"na noite passada, mais um episodio do monday night raw foi realizado no yuengling center, na estrutura imponente do wwe thunderdome, contando com centenas de fas de forma virtual. o show desta semana, no entanto, ficou marcado por um acontecimento bastan...",0
mainha vai me matar quando souber que torei a corda tres meses depois de trocar,0
quer me matar?eu tenho ansiedade,0
mds nunca passei tanta vergonha na minha vida quero morrer.,1
"queria uma dar uma noticia diferente pra vcs, tipo um suicidio sabe",1
eu vou me matar,1
kerem enfiou a faca e hande acabou de me matar,0
"quer me matar e falar que renan e meu marido, ele e meu noivo!",0
"meu ai eterno, keren e hande acabaram de terminar de me matar com essas fotos perfeitas no feed",0
eu vou me matar,1
qro me matar vey,1
das minhas calcas 1 ta na dudinha 1 nao da p usar p sair a tempos porque ta desbotada curta e agr rasgada 1 ta feia a mt tempo outra rasgou uma mais nova desprendeu um ngc la e nao da p arrumar 1 ta apertada uma tava muito larga sobram tres uma que minha mae quer me matar por ainda usar,0
vou fazer uma thread de todas as vezes que fala que vai me matar ou que me odeia,0
acho que vou me matar,1
a hande postou tb. eles querem me matar. amooooo demaisssss,0
"**spoilers snk** - - - - - - - - - no mesmo nivel de sexualizar a cena do draco no banheiro e sexualizar a cena do reiner tentando suicidio,sem meme so porque tem saliva na cena a galera ja espuma,vcs sao nojentos",0
estou indo me matar,1
"hidroxicloroquina, criminosamente ""prescrita"" pelo governo federal, dentre varias reacoes admitidas pelo fabricante temos: -cardiomiopatia que pode resultar em insuficiencia cardiaca; -psicose, comportamento suicida; -insuficiencia hepatica fulminante... prefiro virar jacare!",0
nao entendi vou me matar,1
"tem muitos., libertadores12 inteira no pacaembu foi um espetaculo. mas esse dia, esse dia foi memoravel. titulo jogando contra o rival, de lavar a alma. ""quero morrer num domingo com o corinthians campeao"" e assim foi, dr.",0
"ccj aprova 14 projetos, entre eles o de prevencao ao suicidio no rn",0
suicidio,1
meu deus eu lavei minha camisola 2 vezes e nao sai o cheiro do menino kkkkkkkkkkkkk eu vou me matar,0
esquadrao suicida,0
hmmm que vontade de um suicidio,1
aaaaa que odiooorr eu nao sei como fazer a pre inscricao vou me matar,0
"hoje eu to um porre, queria me matar",1
bgl e marcar uma resenha quero morrer de rir de novo kkkk,0
quero morrer depois disso,1
palestra sobre riscos de suicidio entre adolescentes abre atividades da segunda turma da pos em educacao e diversidade do a palestra podera ser acompanhada por todos os interessados no canal do campus no youtube. veja mais informacoes em,0
quero morrer,1
vo me matar nao sei como vejo a lista de espera da unifesspa,0
sonhei com cobra quero morrer,0
"eu to penando em seriamente em me matar, vai ser melhor bem melhor",1
ecoares: suicidio. pensei nessas palavras muitas vezes. e algo dificil de dizer em voz alta. e ainda mais assustador quando voce sente que pode estar falando serio.  os 13 porques,0
"sim, e por quase me matar de amores",0
"sem papas na lingua nao me calo nao me acalmo vao se foder, seus babacas de merda! tentaram me matar tentaram me destruir de forma com que eu ficasse quieta com que eu nao denunciasse sobrevivente essa e a palavra e isso o que eu sou sobrevivente.",0
eu quero me matar,1
eu quero morrer,1
to tao triste queria so dormir pra sempre,1
nao tem absolutamente nada nesse mundo que me deixa mais fraca do que ela usando moletom eu to sem estrutura jogada no chao com essa calca de moletom e jaqueta jeans o objetivo era me matar lisa? parabens conseguiu.,0
"a ju super fofa e preocupada deu ter tirado 1/5 em quimica b mas eu to bem fds, nao vai me matar e eu nao to ligando",0
"eu faco tudo, agora quer me matar e lavar roupa, botar no arame e dobrar",0
vida do crime e suicidio lento,0
"se eu me matar, vc sentiria minha falta? kjkjkjkkk nao ne",1
"nenhum pouco, quero morrer, avisa",1
"odeio quando falam que tenho a mente fraca por ter tido depressao. odeio quando falam que nao sou forte e nunca fui, por isso tentei me matar. odeio o fato da minha propria familia dizer isso pra mim...",1
no meio do oceano com uma canoa e apenas nos dois... perfeito esse homem quer me matar????,0
a globo transpace querer satisfazer uma ideologia e nao nao uma demanda. para negocios e suicidio; a nao ser que alguem a sustente ou lhe de algumas garantias.,0
eu tava estudando kerem voce quer me matar?????,0
odeio minha vida quero me matar eu nao sou capaz de ajudar ninguem eu sou um lixo humano que merece morrer sozinha,1
so aqui que o google nao ta deixando salvar imagens? quero morrer,0
marina se que me matar postando isso,0
oq resta e viver porque suicidio deixa a mae triste,1
o fone na verdade eh da minha mae que eu peguei porque o meu estragou ela vai me matar nunca mais vou ter um fone,0
imagina me matar de brigar por participante de reality show pra continuar pobre?,0
sarah ainda vai me matar de curiosidade,0
o esquadrao suicida trabalha junto em fotos ineditas do longa; confira [via ],0
kerem bursin voce quer me matar?????,0
tw// suicidio (spoiler?) danganropa 2 . . . . . . . . que merda e essa dnv isso irmao nao quero ver isso vei quem e que ta ali irmao,0
quer me matar de odio: interrompe o que eu tava falando em algum grupo. exemplo: to contando uma historia / puxei um assunto e vem um infeliz e fala algo no meio. o odio que me da,0
essa internet vai me matar de raiva,0
a unica coisa que eu to pensando e em suicidio,1
e se eu me matar,1
nossa que gostinho de quero morrer,1
meu deus como eu sou burra quero morrer,1
"engordei 7kg de novembro pra abril, vou me matar",1
so hj 5 motivos de suicidio,1
vou me matar,1
"ah nem fodendo que o soteldo postou video com carta de despedida, eu vou me matar",0
qual o problema? vai me matar? nao gosto mesmo onca feia do krl,0
"era pra gastar 10$ com o marlboro, acabei comprando 2 assados e uma gasosa kkk cartao e suicidio ",0
"carregador doido indo pro pau, suicida que nem vc",0
artigo aponta que em decorrencia de medidas de confinamento suicidio e agora a principal causa de morte para criancas e adolescentes (10 a 14 anos) no canada. hospital mcmaster observou um aumento de 300% nas tentativas de suicidio.,0
essa mulher ainda vai me matar qlqr dia desses que treino de perna e esse meu deus do ceu???,0
me deu uma puta vontade de me matar,1
a tchize vai me matar vou abrir um fa club vem so me explicar bem!!!!,0
"amiga ate vai, agora quer me matar de raiva e que eu acho a pura falsidade (peguei trauma porque uma mina nao gostava de mim e me chamava assim) e chamar de: nega, amore e flor pqp",0
kjjk suicidio,0
"minha teoria dceu esquadrao suicida,aves de rapina e liga da justica(joss) irao se passar antes do filme do flash, ai vai ter o flashpoint que vai resetar um novo universo que inicia com:liga da justica snyder cut,shazam e adao negro obs: novo esquadrao suicida ira se enquadrar",0
to na folga mas preferia ta trabalhando ficar sem fazer nada por duas horas e meio que me matar sou hiperativo demais kkkkj,0
"aqui lembrando o dia que um motoqueiro arranhou o carro na sinaleira fechada cheguei em casa chorando achando que o xande ia me matar ele disse ""foi nada"" e me abracou kkkkkkkkkk",0
nossa quero morrer,1
"minha mae vai me matar, como smp fazendo merda atras de merda kkkkkk",0
vou me matar juro,1
odeio colica quero morrer,0
quero morrer,1
essa colica vai me matar,0
meu namorado da academia veio todo de preto ai quer me matar ne ,0
ehhh e pra melhorar vou no medico hoje e preciso da minha identidade minha mae vai me matar ? sim ou claro,0
eu preciso ir morar sozinha pelo bem da minha saude mental. ou e isso ou eu vou me matar porque nao estou suportando mais,1
meu primo de 8 anos me chamou de cringe namoral vou me matar,0
o que vai rolar e meu suicidio,1
for no one seguida de i'm so tired bolao pro meu suicidio,0
que me matar e me chamar de querida,0
"se voce desativasse , eu ia desistir de tentar me matar",0
minha mae vai me matar quando ver o quanto eu ja gastei,0
eu to passando mal serio vou me matar,1
eu quero morrer,1
eu vou me matar avisa gusta,1
"pensei que a panela de pressao ia explodir e me matar, agora vou ficar igual uma idiota limpando a sujeira que eu fiz. um otimo dia pra mim",0
indo me matar,1
otimo ja me estressei quero morrer,1
to a cinco passos de me matar,1
juro essas criancas vao me matar,0
minhas amigas vao me matar mas vou fazer memso assim,0
eu quero morrer mais ainda,1
hoje eu so chorei 2 vezes me autodeprecie 5 vezes lembre d coisas que me fazem 4 vezes e pensei em suicidio 3 vez eu acho que isso eh uma vitoria,1
eu vou me matar pqp,1
como saber se meu gato quer me matar?  ele te encoraja a sair de casa sem mascra,0
"minha mae orando pra que uma mulher nao cometa suicidio mas cagando quando eu quase me matei duas vezes, juro...",1
"a uftm conseguiu me matar de todas as formas possiveis nessa semana e nesse mes, alguem me enterra por favor e aquele ditado ne: hoje ta uma bosta mas amanha vai ta 3x pior",0
quero morrer,1
acabei de escrever que a crianca judaica so queria passar o natal com sua familia. eu quero me matar serio nao sirvo pra isso,0
pra que estudar se eu vou me matar,1
acabou a temporada de shell boy eu quero morrer que odio cu buceta puta que pariu,0
"sim, porque quero morrer logo",1
ele eh tao lindo vo me matar,0
"louise maria jose, mulher vc quer me matar. poxa vida amiga nao tava preparada.",0
"minha mae vai me matar se ela souber que acordou 5h da manha pra fazer um cuscuz pra ele levar pro trabalho, eu levei e nao comi ta voltando pra casa do mesmo jeito ",0
vou me matar,1
queria me matar,1
caralho cara o gabriel vai me matar do coracao ainda pqp,0
aula de administracao financeira suicidio e sempre uma opcao,0
tu quer me matar mulherrrr vem clipe,0
gustavo mioto vai me matar.,0
minha mae que me matar de fomeeeee,0
ai rindo mas na verdade quero morrer,1
vo me matar,1
"kkkkkkkkkkkkkjpar teve um ppst do ryan que ele falou ""to querendo matar"" e eu li ""to querendo me matar"" e eu quase respondi ""eu tambem cara"" kkkkkkkkkkkkkkserio",0
caras hj ta foda demais viver juro por tudo eu mal consigo ficar em pe que ja sinto falta de ar e extrema exaustao a ansiedade e a fibro vao me matar juro,1
"mamae tentou me matar hj,e e isso",0
minha mae falando pra fazer miojo dois dias seguidos ela quer me matar sim ou claro?,0
"nao faz isso comigo dona quais temporadas? a 7a temporada tambem vai ficar disponivel? quer me matar de ansiedade, nao vou conseguir esperar ate sabado.",0
minha cara ta muito oleosa quero morrer,0
tentaram me matar nas esqueceram que eu ja to morto,1
quero morrer,1
gente quero morrer,1
eu poderia cair no soco com boninho por ele ter inventado essa merda de bbb com mais tempo que o normal vc quer me matar de odio????,0
nossa vou me matar,1
queria dormir pra sempre,1
"tempinho bom p cometer um suicidio , afff",1
maneiras de me matar google pesquisar,1
ai que lindo sem querer falei que tava cansada de viver agora minha mae fica perguntando se eu quero morrer,1
essa mulher vai me matar do coracao,0
eu to com uma vontade de me matar que delicia,1
quero morrer,1
o proprio dimas covas ja expos sobre a demora na autorizacao da importacao da vacina! levantou suspeita sobre a vacina suspendendo testes por conta do suicidio d um voluntario(diferente da astrazeneca)e acusando o butanta d n ter entregue todos os dados: ate a desculpa e a mesma!,0
"eu nao sei amg, desisti ja de fazer vou me matar",1
vou fazer um curso apenas lendo suas postagens kkkkkk e depois vou me candidatar a vereador kkkkk ops aqui no rj nao da vao me matar antes aqui e foda kkkkkk,0
minhas colicas vem pra me matar,0
muier voce quer me matar ?,0
esse foi o motivo do meu suicidio,1
eu vou aproveitar e vou me matar,1
mainhaaaaaa vc quer me matar do coracao,0
sos minha namorada disse que vai me matar porque eu nao dou um filho pra ela 190,0
remarquei a data do meu suicidio,1
cansado sabe eu to cansado eu sempre tive depressao desde que eu me entendo por gente eu lembro de orar pra deus me matar no sono qnd eu era bobo e ainda acreditava em divindade eu to cansaso eu nao aguento mais eu to triste eu to todo dia triste eu nao sou feliz nem por um minuto,1
"eu sou os dois, quero me matar",1
eu to doida pra fazer tatuagem e meu pai ta doido pra me matar se eu fizer,0
nao eh possivel que vou ter que comer fermento por 5 dias. a faculdade quer literalmente me matar eh isso?,0
"engracado que pra ganhar 1kg eu preciso me matar, mas sentei perdi 3",0
quero morrer,1
"oi gnt,vou me matar.",1
tao inutil que nem p me matar eu sirvo,1
beirando o suicidio,1
eu troco a minha letra a cada mes entao fica meio confuso mas atualmente com letra minuscula mesmo minha mae querendo me matar,0
quero morrer,1
vou me matar thiagu,1
"to com uma pulseira e uma tornizeleira arrebentadas, aiii quero morrer",0
acordei e quero morrer,1
dia de cu quero morrer,1
indohhh de suicidio falou galerinha da rural fuiii,1
carol vai me matar sufocada com esse perfume,0
vou me matar,1
eu quero morrer quando vejo alguem colocando bolsa de agua quente pra colica,0
suicidio e a solucao,1
para de me matar eu to morrendo,0
mais um candidato a aviao cair ou levar facada ... a esquerda vai tentar ... podem ter certeza ... o diabo da esquerda perder a presidencia e o gov de sp ... vai ocorrer suicidio coletivo no,0
"ninguem ao meu redor entende que eu so quero morrer, tudo aqui me faz mal",1
a julhia vai me matar gente kkkkkkkkk,0
"as vezes tenho uma vontade absurda de me matar de uma vez pra ver se ela pelo menos comeca a tratar as outras pessoas direito, nem que morra de remorso depois eu to pouco me fudendo",1
naoo e credo bubu ta doidinhoo e?!? vai me matar de boiolice sua avisa,0
"ainh amg, eu to prontissimo p meu suicidio",1
me matar  me fazer sair com o cabelo molhado,0
"eu odeio quando o livro da todas as dicas pra mc sobre quem o vilao e, todo mundo sabe e a bicha fica "" nossa, quem sera que ta tentando me matar? "" nao sabe como bicha ??",0
o jinie quer me matar de sdds,0
"hoje eu fiquei por aqui mais que o normal, bora estudar e kie. beijos pra minha tl que hj so faltou me matar de tanto que me fez rir.",0
minha prova nao tem no brainly quero me matar,0
a lara me achou no tik tok vou me matar,0
essas mina nao se coloca no lugar de ficante cara vao me juntar pra me matar kkkkkkkkkk,0
nao quero morrer de vergonha alheia sozinha,0
hoje eh um daqueles dias que eu me sinto um lixo em todas as roupas quero morrer porque nasci feia,1
quer me matar do coracao? eu ja tava surtando que eu tinha cheagdo cedo no tweet do lou,0
"comecei greys dnv, e minha irma quer me matar kakakak ja e a 6o vez",0
"que vontade de me matar pqp e quem colocou valor foi o estado, com o curso forcado, nao a gente",0
"essa dor de ouvido vai me matar, pero amor de deus",0
"eu sempre sinto que to incomodando, que odio quero morrer",1
"se suicidio e pecado, porque deus nao retira essa vontade???",1
"por indicacao de meu amigo assisti ao harakiri (1962) de masaki kobayashi. o filme surpreendeu muito! adorei sua ost minimal e seu formato narrativo. ambientado no inicio da era edo, da um olhar critico sobre o xogunato, a honra samurai e o rito de suicidio do harakiri",0
o esquadrao suicida | filme ganha imagens ineditas,0
"eu: quero morrer bts: calma linda, toma mais um novo single, mais um run bts, mais um album japones, mais um album coreano, mais um reality na florestinha, mais lives legendadas, mais um banbangcon, mais photobook",0
pqp muie vc quer me matar,0
se me mandam uma proposta dessa eu vou na hora! se o sheik me der 5 ou 10 mil por dia: top! se o sheik me matar: top!,0
nossa um dia essa mulher vai me matar,0
"tu tem conhecimento e isso e a chave do sucesso. seguindo 2 conselhos voce faz dinheiro: nao vai na onda de multiplas, isso e suicidio e nao tenha ""pressa"" de ganhar dinheiro rapido, isso e papo de hinode pra te fazer vendedor. faca apostas seguras, a margem de erro sera baixa.",0
pare de dizer que nao me ama que nao vai voltar que eu nao sou e nem serei mais dono do seu coracao que nao ta nem ai pra mim com quem fico o que eu faco que eu posso ate me matar nao vem agora me dizer que todo amor e flores plantamos ja morreram no nosso jardim por isso eu..,0
pensando seriamente em me matar,1
"a familia dela nao tinha permitido a mudica estar presente no album por ser muito pesada e etc por falar sobre suicidio e etc, mas ela mesmo assim lancou pros fas",0
meu pai quer que eu ja volte pra academia nao sei nao esse homem parece estar querendo me matar,0
"o questionamento e oq sera que vai me matar hj, a colica ou a dor de dente??????????",0
"billie pra que isso cara, precisava me matar nao",0
"quando as meninas do xenomafia souber, elas vao me matar",0
realmente vou me matar num futuro proximo,1
"manoooo eu tenho uma avaliacao final pra fazer, so que fui fazer essa atividade e tirei nota baixa to ferrada. to com medo, meus pais vao me matar tenho ate amanha pra fazer essa merda e tem um monte gente reclamando do brainly.",0
deve ta querendo me matar,0
ai que odio eu vou me matar deus me leva eu cansei dessa vida patetica na terra,1
geninhos vao me matar de ansiedade,0
eu vou me matar to avisando,1
"penso em voce, em seu olhar penso em fugir e te levar sonho pra nunca acordar eu nunca fui de acreditar mas me perdi ao te encontrar.. ",0
"ai que odio quando eu elogio suas coisas vc ignora minha existencia mas quando critico vc ve eu vou me matar, era meme ivina esses desenhos sao maravilhosos pfvr nao deixa seus fas me atacarem",0
ja apareceu aaron pai de menina umas tres vezes hoje na minha timeline vcs tao querendo me matar,0
meu presente de aniversario e meu pai me matar de fome esperando ele p almocar,0
o sal vai me matar,0
sim agr vou ali me matar kkk,1
depois so falta me matar na dm!!,0
"mano, se nao tiver fnaf nessa live eu vou me matar... metira nao vou n, mas eu vou ficar bem triste ;-;",0
estou com saudades /dela/ mas certeza que se eu falasse com /ela/ ela e =ela= iam me matar,0
"minha mae vai me matar, que odio",0
"se quando ela viesse estaquia ele , ele desse uma madeirada nela , nao ia tomar uma facada, mane resolver na cnvs com a mina com um faca tentando me matar slc kkkkkkkkkkk",0
minha vo ta fritando peixe vou me matar que fedo,0
ai amiga ce acabou de me matar,0
beatriz tu ainda vai me matar olha wue coisa linda mds eu to chorando,0
mae quero me matar porque a sociedade esta me pressionando a isso!,1
"gnt eu quero um jogos pra me matar de beber , viajar com as minhas amigas , misturar corote com beats, dar pt e botar culpa no brownie fit",0
o suicidio vem viu,1
vou me matar,1
"14 dias pra fazer 8 provas com 26 questoes cada uma que odio da organizacao da escola, eu to tentando o meu maximo mas tambem nao vou me matar de estudar ate porque eu tenho coisas pra fazer, nao vivo so pra estudar nao",0
quero morrer,1
quero morrer p.p p,1
maria eu quero morrer,1
to a um tema de me matar se chegar mais um eu me mato,1
"se o esquadrao suicida for ruim, eu dropo de vez o cinema de super-herois, largo mao mesmo",0
"vcs vao me matar de ansiedade, atualiza esse ordenamento logo",0
camila tirou o dia pra me matar,0
boa tarde povo estou sumida por motivos de a faculdade quer me matar,0
a billie so vai lancar o album dia 30 de julho e ate la minha ansiedade vai me matar,0
periodo fertil dividido em dois estados de espirito quero morrer quero fuder,0
"suicidio n, coma alcoolico kkkkkkkk",0
depois vai tentar lacrar sobre suicidio e oferecer dm pro amiguinho deprimido,0
px vou ate me matar,1
"no brasil de hoje, confianca e quase uma questao de suicidio.",0
caso seja sensivel pule essa au  one shot.  ansiedade e depressao.  estresse.  denki trans.  problemas familiares.  tragedia.  adocao.  suicidio.  bullying.,0
"ne foda? agora eu tenho que me matar por quem nunca moveu um dedo pela minha torcida, evitava postar coisa do gil quando ele tava queimado, nem comentava ou respondia os posts oficiais? e bonito demais isso, me poupe",0
minha mae fala eu ja quero morrer escutando a voz dela,0
"floki pulou o muro, esse cachorro vai me matar um dia",0
em franca foi assim. em portugal sera como? no pasa nada!,0
shawn e camila tiraram a semana pra me matar,0
quero morrer,1
essa menina uma hora vai me matar do coracao,0
"a intencao era me matar? porque se era, conseguiu! ",0
mas a minha mae vai me matar,0
eu to sozinha em casa e eu tava no banho que o carteiro chegou quis me matar por um momento,0
o dia que o fiori me matar 1 vez no mid eu desinstalo o jogo,0
minha mae vai me matar kkkkkk,0
comi 2 bolos de pote e ja quero morrer de tanto acucar credo,0
"eu, a pessoa mais desgracada da cabeca que conheco tentando convencer outra pessoa de que suicidio nao e a solucao mesmo querendo morrer todos os dias",1
to todo fudido quero morrer,1
vontade de dormir pra sempre,1
"eu achei que estariam ao meu lado, eu achei errado. quero morrer",1
"me arrancaram um diu com tudo, e deixaram entalado no colo, tive que tirar cirurgicamente. nem ""um desculpe o mau jeito"" me foi dito... me receitaram hormonios que podiam me matar, so porque sim, 3x mesmo eu dizendo que eu nao podia tomar.",0
essa cpi e esquadrao suicida: same energy.,0
"eu pedi pra deus um presentinho e olha qm ta segurando minha mao, depressao, ansiedade, disturbios mentais, tristeza, tesao, atividade acumulada, vontade de me matar, cansado,dor,traumas, insonia,baixa autoestima,entre outros",1
"as coisas so aparece pra me destruir, vontade de me matar",1
a mae vai me matar,0
acaraljo minha mae vai me matar,0
vou me matar,1
vou me matar,1
"""amar o proximo como a ti mesmo"" as pessoas o dia todo nas redes sociais: ""como eu sou feia"" ""to gorda"" ""e tarde pro suicidio?"" ""quero morrer"" ""eu sou ridiculo e nao sirvo pra nada"" bixa, e por isso que ninguem ama o proximo, nao ta tendo nem amor proprio... tnc pra la",0
nem pensar... prefiro me matar de malhar na academia que entrar na faca,0
hoje a rosalinda quer me matar com a beleza dela,0
to fazendo cafe cremoso se der errado minha mae vai me matar,0
sera que eu quero morrer ? ,1
pensei em me matar mas lembrei que no inferno nao tem cerveja e desisti kkkk,0
"eu quero morrer e emagrecer, entao por que nao morrer de fome?  \_()_/ ",0
bia vai me matar se eu nao fizer essas figurinha hoje,0
"quando eu penso que a barraca do beijo 3 estreia em 11 de agosto e esquadrao suicida dia 21 de agosto, e percebo que ja vou estar de 7 meses eu fico com medo do quanto esse ano vai passar rapido a gente ja ta batendo na metade do ano pqp",0
quero morrer ,1
vc eu deixo me matar patinetando,0
"alguem tem duvidas que vivemos uma ditadura? fraca, desorganizada e suicida, mas e uma ditadura!",0
"toda vez que eu dava uma gargalhada. e dizia que ia me matar. ele entrou no metro que ja tinha saido. eu moderei nas minhas gargalhadas em publico so por conta disso. eu olhei rapido pra esse senhor em um momento e ele tava com muita raiva e agitado, mas nao desconfiei que fosse comigo",0
aff se ela me matar eu agradeco,1
meu deus meu deus eu quero morrer de tanta colica que to sentindo essa merfda,0
e vc ter dado risada ao inves de querer me matar foi o melhor,0
eu fazendo piada durante a aula de espanhol e minha amiga querendo me matar  sou muito madura mesmo,0
garota pelo amor de deus vc quer me matar,0
"vao tentar derrubar, que e pra me ver crescer; e as vezes me matar que e pra eu renascer; como uma supernova que atravessa o ar; eu sou a mare viva, se entrar vai se afogar ",0
so levantara de la morto? ???? tipo voce esta autorizando ele a cometer suicidio? dai essa kkkkkk,0
irmao eu quero me matar eu sou muito burra eu vou morrer,1
"eu vou ter que esperar ate 20:30 pra poder ouvir esse album novo da duda beat, minha ansiedade vai me matar ate la",0
eu amo tanto esse paralelo porque alem de mostrar a evolucao do relacionamento das duas tambem mostra como a nureba e grata pela midari ter impedido ela de cometer suicidio,0
tentei me matar &lt;&lt;&lt;&lt;&lt;&lt; dei uma de yuki,1
o esquadrao suicida recebe novas imagens promocionais,0
essa colica vai me matar,0
"assim consegui 4 cachorros, e minha vo querendo me matar",0
pelo amor de deus eu vou me matar,1
a carencia vai me matar um dia,0
o ead vai me matar,0
acho que vou cometer suicidio falta isso aqui ,1
final de periodo porque queres me matar??????????????,0
eu juro que dessa vez cometo suicidio,1
postei musica do rancore e teve um comentario dizendo: e trance? eu quero morrer!!!!!!!!!!!!!!!!!!,0
45 questoes???? quer me matar professora??,0
minha garganta parece que quer me matar,0
"povo e bom pra pedir dinheiro emprestado pra pagar e a briga e se tu vai cobrar ainda fica puto, tenho dois filhos que se eu deixo sem comer falta me matar",0
quero morrer,1
de novo eu sonhando com perseguicao meu deeeee nao aguento mais o povo querendo me matar,0
falei pra minha mae que quando comecar a trabalhar vou querer um iphone e ela ja quer me matar,0
essa professora quer me matar,0
quero morrer,1
o veii eu derrubei um copo de suco de maracuja na cadeira e no tapete.qual a chance de minha mae me matar?,0
quero morrer,1
eu fui levantar do sofa meu deus minhas vostas vao me matar,0
assim eu nao saio de casa porque nao quero morrer,0
"depende, ate umas semanas atras, eu nao conseguia dormir com os meus funkos na estante, tinha que guardar, mas nao porque eu achava que eles iriam me matar, mas porque e como um incomodo, sabe? seria a mesma coisa se tivesse um manequim no meu quarto, por exemplo",0
eu vou cometer suicidio!!!!!,1
"vou comer a vasilha de salpicao todinha kkkkk,minha mae vai me matar",0
ah nao voces querem me matar,0
passei da fase de planejar meu suicidio todo dia pra simplesmente me odiar e odiar viver todo dia cada epoca um tipo de tortura,1
eu vou me matar,1
se alguem quiser me matar saiba que ja estou morta... de cansada,0
la isla bonita vai hitar tanto quando esquadrao suicida 2 for lancado!! ela precisava mtttt fazer alguma performance televisionada pra ajudar no buzz,0
sim tu quer me matar,0
"seu namo vai me matar kkkjjk, isso sim",0
"a hallana ainda vai me matar de rir qualquer dia desses, e tenho dito. porra!",0
"sim, amigos brasileiros, nos ganhamos!!! a billie ainda vai me matar do coracao um dia",0
to fudida pqp minha mae vai me matar hj,0
porque eu acordei porra eu quero dormir pra sempre,1
e nao digo isso com nenhuma felicidade. e uma tragedia que um unico partido tendo o amor do povo por 14 anos tenha desunido ainda mais o povo sem promover uma reforma sequer. voltar a essa dita esquerda revolucionaria e um suicidio e so vai aumentar o sangramento do brasil.,0
vao me matar derrubar minha conta,0
"a vida e estranha. pensar me deixa mal demais, so quero morrer.",1
minha dentista deve ta com vontade de me matar porque ja remarquei a extracao do meu dente 3 x,0
me sentindo feia burra inutil insignificante desinteressante chata desnecessaria no planeta quero morrer e tudo sem virgula mesmo.,1
ai meu vo que me matar do coracao outro susto desse e acho que guento mais nao,0
quero morrer logo odeio minha vida miseravel,1
"ta compensando tambem pegar uns milhoes emprestados com um agiota, dar role pelo mundo, voltar e deixar ele me matar",0
"nao consigo me concentrar em nada, pois so penso em transar cm minha namorada que vai me matar quando ver esse tweet, mas nem ligo",0
a billie quer me matar do coracao,0
sonhei que tava em guerra com os ballas no gta eles me perseguindo pra me matar foi loco esse dia,0
"nao sei como respiraaa, ela vai me matar um dia pqp happier than ever+billie",0
o que essa gostosa ta fazendo com vc donghyuk eu vou me matar,0
"a lys ainda vai me matar do coracao, cheguei a passar mal que coisa bem seria essa branquela",0
essa billie eilish vai me matar um dia,0
"amg, voce quer me matar?",0
deveria morrer quero morrer,1
billie voce vai me matar,0
agora que to sem pelicula parece que meu celular quer cometer um suicidio,0
sinto que o arthur tem vontade de me matar cada vez que abro a boca pra falar de algum mlk,0
"o humor negro de garotas e gays eh sobre personalidade sombria, e piadas com suicidio. o humor negro de homem eh piada com estrupo, racismo e shitpost.",0
meu deus esse torcicolo vai me matar de tanta dor,0
"maior erro dos bolsonaristas foi mexer com uma raposa igual o renan calheiros. uma coisa e bater no lula e no pt que e vidraca mesmo, outra coisa e mexer com esses caras ai, suicidio politico. renan vai vir com sangue nos olhos nessa cpi da covid.",0
a um passo de voce (suicidio),1
ain minha nutri vai me matar a nutri: ,0
minha mae falava meia duzia e eu levava doze ovos pra casa faltava me matar heusheus,0
peticao pro nao me matar: - gio,0
me sinto exausta quero morrer,1
to muito no hype de esquadrao suicida do james gunn,0
quando a ansiedade comeca a ficar com gosto de suicidio resolveria tudo,1
suicidio amanha as 9h marcado,1
quer me matar e .,0
leticia quer me matar do coracao,0
eu sei a rota antes do primeiro inicio fugir disso e suicidio veras que broxar na hora de concluir os planos e igual levar alguem pro motel pra ficar so conversando,0
"quer me matar? e se atrasar em algum compromisso comigo, eu falto morrer!",0
essa dor de cabeca vai me matar,0
comecou o micareta suicida da oposicao... vai ser lindo ver essa corja de vagabundos se desgracar de vez perante a opiniao publica.,0
comecou olha aiyra ey viy me matar,0
essa mulher vai me matar ainda pqp,0
"curso gratuito de prevencao ao suicidio: promovido pela escola de saude publica do parana, em parceria com a ufrn, tem como objetivo qualificar e promover a reflexao sobre o manejo dos casos de comportamento suicida, em 65 horas/aula pelo sistema ead.",0
"nao eh superioridade nao, eh minha gastrite mesmo que so falta me matar",0
a minha falta me matar,0
quer me matar ne,0
hj eu quero morrer,1
"que vontade de me matar logo, nao aguento mais",1
"cpi do covid parece o esquadrao suicida, chamando renan calheiros para ser o relator",0
que isso minha playlist so propondo kpop ballad quer me matar,0
vou me matar,1
quero morrer pqp,1
vai dormir pra sempre kkkkk,0
essa mulher vai me matar,0
minha mae gai me matar pra que que eu fui abrir a boca,0
"queria cometer suicidio hoje, mas um suicidio diferente sabe? suicidio voluntario",1
sera que ela ta querendo me ensinar ou me matar? rsrs,0
aula acabou mais tarde porque minha sala infantil tava levando sermao e eu perdi a live da tina vou me matar!!!!!!!!!,0
eu vou me matar,1
ai vc quer me matar de indecisao mskskssk,0
"quase duas semanas direto com dor de cabeca, acho que o tico e o teco cometeram suicidio",0
vou me matar,1
tem dias que quero morrer e hj e um desses dia,1
"um dia o orgulho que eu sinto de voce vai me matar, pela sua capacidade de se reinventar, seus sonhos sao tao palpaveis por conta da forca de vontade que coloca neles, que todo mundo que te ouve falar consegue enxergar voce la um dia. eu torco tanto por voce, pela sua felicidade,",0
eu quero morrer,1
sempre chega esse horario e eu quero morrer,1
ela vai me matar de anciedade como amo essa fic,0
o universo quer me matar mas nao faz um carinho nao paga um jantar nao manda audio do filtro labial foda isso,0
quero morrer machuquei quem eu mais amava nesse mundo irmao,1
mds meu primo ainda vai me matar do coracao,0
ldbqorqohrqohe ela nao chegou a me matar mas ficou me atazanando a partida inteira com a porra da ult dela,0
"ela vai me matar, mas eu gostei da ideia kkkkkkkkkkkkkkkkk",0
"meu padrasto vai me matar de fome. ele quer comer feijoada e ainda nao vou comprar as coisas, nao vamos almocar hoje, vamos jantar apenas",0
vou cometer suicidio egoista,1
tentei me matar mas esqueci que tenho 7 vidas affff que saco,1
dante. eu ja tava indo me matar e vc aparece. obrigado. estou feliz.,1
ai eu quero me matar por nao conseguir fazem nem a metade doq me pedem. vao tomar no cu,1
omg eh album billie vc vai me matar do coracao mulher,0
mais um dia comecando mal; deixei cair o perfume favorito da minha mae. ela vai me matar.,0
meu deus a billie vai me matar,0
"john. voce sempre fez parte dessa familia, e se voce se sair bem, todos nos sairemos tambem."" fonte: thirsty vale lembrar que john cena vivera o personagem ""pacificador"", tanto no novo filme do esquadrao suicida, quanto em sua serie solo. (3/3)",0
"filme de terror: carla: eu nao quero morrer meu deus porem se for da sua vontade me leve em seus bracos. camille: obrigado carla, ja entendemos que vamos morrer. eu: calem as suas malditas bocas porque eu preciso arrumar um jeito de nos salvar.",0
meu pai vai me matar pelo amor de deus porque eu fui falar aquilo agr a satisfacao passou,0
"daqui a pouco a naclara vai querer me matar, mas ela que lute ",0
suicidio?,0
essa menstruacao vai me matar,0
billie vc vai me matar,0
ja tenho meu motivo pro suicidio hoje,1
bossa nova billie eilish vc vai me matar mulher,0
"obvio que quando o assunto ressuscita nao e bom, aumenta hate e etc, mas pqp, completamente desproporcional esse surto. tem fa que o coracao nao aguenta caralho, vcs querem me matar?!",0
eu quero me matar,1
"hoje e meu fim, certeza, a colica vai me matar",0
vontade de me matar,1
o esquadrao suicida: james gunn compartilha novas imagens da equipe,0
"renan calheiros sendo relator dessa cpi e o suicidio politico do bolsonaro, principalmente porque ele tentou ser a pedra no sapato de um cara como renan que e cafetina velha nesse cabare chamado brasil.",0
"ela so tem um album, e ele foi feito baseado na realidade vivida por ela na epoca, girando em torno de depressao, suicidio, transtornos mentais e incertezas. talvez em outros albuns, ela inove. mas nao acho que ela va abandonar essa essencia melancolica, ja que e uma marca",0
minha perna ta tremendo muito meu deus essa billie ainda vai me matar,0
"""o meu encontro com a misericordia de deus me fez perdoar as tentativas de suicidio que eu cometi"". hoje, as 21:30 no programa gente de fe voce vai conhecer e se emocionar com a historia de vida do pe. licio vale. sintonize nosso canal ou acesse",0
aulas vao me matar,0
"minha gata so falta me matar, e porque ela nao sabe empunhar uma faca",0
"meu celular pegou fogo, socorrooo. minha mae vai me matar",0
gente o moco botou uma pelicula horrive no meu celular vou me matar,0
"o tema da aula hoje vai ser etica, familia e suicidio, vamos de citar aquele filme triste turco que nao posso citar o nome aqui pra nao dar spoiler",0
"amo trabalhar a mente pra me sentir atraente e gostosa. transparecer que so quero morrer e cringe, ainda mais por motivo besta",0
tem uma mjna que trabalha cmg que ta tentando me matar desde o inicio da pandemia tava com covid nao falou nada depois o namorado tava com covid ela nao falou nada agr o irmao que mora com ela tava com covid e advinha??? nao falou nada,0
"cuidado!! eles vao achar que vc sugeriu o suicidio do chorume!! e como ele e limitado, realmente e uma ameaca a vida dele kkkkkk",0
meus vhope eles sao meu tudo eles ainda vao me matar de amor eu to morrendo de saudade desses dois,0
eu falo sobre me matar no twitter tem 30 anos eu nao aguento mais falar falar falar e nao fazer eu nao mudo eu to tentando tudo que da pra mudar mas nao consigo entao assim qual o sentido disso tudo,1
quero morrer,1
eu terminei tear de prata e so tenho uma coisa a dizer: a autora quer me matar de tristeza.,0
eu vou me matar,1
"como diria a manu, se minha intensidade ainda for me matar, eu prefiro ser poesia e ter historias pra contar",0
"agr eu tenho um cartao lindo no nome da minha mae, esperando ela chegar em casa pra me matar ",0
"eu quero que camila fique, estou votando um pouco, agora me matar em votacao so quando juliette tiver.",0
jesper e o personagem mais chato e inutil da serie ele aparece em cena eu quero me matar,0
"fui comprar um kilo de carne de sol e deu 44 conto, pensei que o cara tinha me enrolado e a conceica ia me matar, mas a porra do preco e esse mesmo 44 fuckings reais em um kilo de carne de sol",0
tao tentando me matar no trabalho... ar condicionado gelado do caralho,0
"olha isso nao e merda, e uma coisa legal, vc evitou um possivel suicidio. foi muito legal o que vc fez!",0
"eu so quero morrer, assim fica todo mundo bem",1
"so voce me matar, eu volto p puxar seu pe",0
aaaaaa rosinha cuidado pra nao me matar do coracao,0
hmm vontade de me matar,1
eu tenho depressao e vou me matar em breve,1
olhando minha nova plataforma de treino e meu deus a tabatha vai me matar,0
feliz por estar com pensamentos positivos e nao ter pensado em suicidio hoje,1
quase todo dia um suicidio na terceira ponte... triste demais,0
fotos de o esquadrao suicida divulgadas pela total film. o filme de james gunn tem previsao de estreia para agosto.,0
hj to suave so pensei em me matar 228 vezes,1
tomara que eu nao tenha vizinhos bolsonaristas que vao tentar me matar depois de me ouvir gritando,0
eu vou me matar a lara e o ser humano mais precioso da face da terra,0
"nao aguento mais so estar viva e nao aproveitar a vida, eu quero morrer.",1
"nas 30 paginas que li de ""bom dia, veronica"" ja teve suicidio, necrofilia e violencia domestica",0
"vou me matar, quem apoia?",1
"nao acredito que a morte da goo hara tenha sido suicidio, nao depois de tudo que ela passou. acredito na possibilidade de ter sido um homicidio. e tambem, fico pensando sobre o ex namorado dela que batia nela, pode estar muito bem envolvido na morte dela. isso me faz refletir mt.",0
"eu amo o oceano, nao ligo se tem bicho esquisito e que poderia me matar eu nao consigo nao amar o oceano",0
pessoa: me encara eu: encaro de volta pessoa: continua me encarando eu: fudeu vai me matar crtz,0
"eu acabei de escrever isso, depois de confessar pra minha mae que eu quero morrer.. :( eu to cansada, eu nao sei mais se eu consigo seguir em frente",1
nao ta dando k sem esperancas elas ontem vc que tem que virar a pagina vc e capaz de mudar seu rumo a terapia e o remedio auxiliam mas vc precisa se aceitar e tentar metodos de evitar punicao eu agr: hahaha me matar lentamente haha,0
essa colica um dia ainda vai me matar,0
"eu nao acredito no que eu fiiiz, minha mae vai me matar",0
"alguem sabotou o prego que tava segurando o relogio, tentaram me matar tenho certeza",0
"oi, vc ta qrendo me matar e isso?",0
suicidio de uma garota,0
legitimamente engatilhado ao ver isso porque sonhei que tava dirigindo um carro da nintendo e o mario tentou me matar cortando a transmissao dos freios,0
e a pro vida do tik tok que acabou de mandar eu me matar,0
"nao so ela como todos que vao sair de la ne? julgaram a viihtube, que ja tentou suicidio por conta do hate que sempre recebeu. julgam o fiuk, que sofre com depressao e tdah, e a lista continua. juliette nunca recebeu metade do hate que os outros participantes receberam.",0
quer me matar eh pedir p ficar em call,0
billie minha filha quer me matar do coracao?????? pois matou.,0
eu vou me matar,1
a cara vou me matar pqp,1
"@ diana eu fui digitar eu quero e meu corretor colocou ""eu quero morrer"" eu to com medo",0
caralho billie voce quer me matar ?????,0
que vontade de me matar serio,1
"sobre a morte da goo hara, eu nao acredito que seja suicidio, nao depois de tudo que ela passou. creio que o ex namorado dela que batia nela, pode estar envolvido nisso.",0
"""medicos"" e empresarios querem distribuir remedios sem eficacia para o tratamento de covid-19 a populacao carente que tem pouca ou nem uma instituicao. o nome disso e suicidio involuntario fantasiado de ""ajuda"". -medicos nao tem autonomia para matar-",0
"eu quero morrer. que dor, meu deus, que dor.",1
quanto eu tenho que pagar pra alguem me matar?,1
"serio oq eu mais temia esta pra acontecer, eu quero morrer pqp que odio",1
to vendo o produce 101 e meu deus do ceu eu ia me matar se a kahi falasse assim comigo na frente de todo mundo kk,0
eu quero morrer com tanta fofura,0
vou me matar,1
essa tristeza ainda vai me matar,1
nossa eu vou me matar,1
esse livro vai me matar de vergonha alheia,0
"me tranca dentro do quarto esperando a depressao me matar , eu tenho uma vida que se chama welton e ele mas que ngm precisa de mim !!!! entao vao tmnc e me esquecem ... "" ah que na rede social e totalmente diferente da realidade, vcs quer qui eu fique como ? morta dentro de casa +",0
aaaaaaaaaaaaaaaaaa eu quero morrer,1
so assisti esquadrao suicida entao...,0
eu te amo billie mas vc vai me matar de ansiedade,0
vou ter que adiar meu suicidio viu,1
amo vou me matar e uma merda,1
esse tipo de tweet no horario do almoco cheio de fome ainda vai me matar um dia,0
"pai vai me matar, real",0
to enjoada quero morrer,1
totalmente ansioso + totalmente pensativo= suicidio,1
"puta que pariu maluco, eu quero cometer suicidio",1
o que e suicidio mental? na natureza existe uma bacteria que pega incetos e animais mata e eles apos mortos continuam andando vuando com inteligencia mas vao infectar outros seres para se tornarem mortos vivos zombies tambem.,0
eu so quero morrer sumir de mim,1
"quer me matar e quando terminam de comer e largam o prato em qualquer lugar, que odio",0
a minha tpm vai me matar,0
bibi eu vou me matar juro,1
pais to triste -e o celular pais to com depressao -e o celular pais quero me matar -e o celular,0
perdi metade dos potes aq de casa mamae vai me matar,0
o gustavo so falta me matar por causa disso,0
"junior vai me matar, meu cabo do carregador ja ta com mal contato faz nem 1 mes que ele comprou p mim",0
to mt triste que tu nao gosta de mim o vou ate me matar,0
se minha tpm nao me matar minha rinite mata,0
"sabado eu disse que ia acabar com a minha vida de tanto beber e um guri aleatorio disse a seguinte frase: ""quer acabar com a tua vida se envolve comigo "" nao faco ideia do que ele quis dizer, mas naquele momento eu decidi que queria viver por mais 100 anos",0
palavras nao conseguem expressar o quanto eu quero morrer vendo isso,1
minha avo vai me matar do coracao ainda,0
eu: quero morre nao aguento mais essa vida d cachorro *conheco uma nova pessoa nas redes sociais* eu: suicidio adiado,0
eu quero morrer,1
que inferno quero morrer,1
suicidio comunitario,1
"a minha rotina diaria e muito simples, eu acordo e quero morrer.",1
meu deus a mamae vai me matar,0
que droga eu quero morrer,1
"eu odeio que me liga, no geral, mas me ligar pelo whatsapp e pedir pra me matar do coracao de odio.",0
"acho que wonder egg priority, sla... fala sobre suicidio na adolescencia, traumas e essas coisas",0
eu vou me matar,1
"alguem me ajude, eu nao sei mais oq fazer, a colica vai me matar aaaaaaaaaaaaa",0
mej deus eu vou me matar,1
vou comer muito hoje porque eu vou me matar hoje anoite,1
ela vai me matar,0
namoral eu vou me matar se eu nao resolver nada,1
quer me matar?,0
dei uma volta de moto c o vagner domingo e a casa 1 minuto eu falava p ele nao me matar kkkkkkk,0
quando eu digo que quero morrer e isso que eu quero,1
nossa quer ver me matar e fazer ignorancia com a minha vo,0
"ahh ta ai, realmente mas so pra falar com caixa e atendente quero morrer, de resto mo legal",0
a cpi da covid parece o esquadrao suicida de brasilia. chamaram os piores bandidos para tentar pegar outros bandidos.,0
quer me matar do coracao so pode kkkkkkkkkkk,0
luan eu quero morrer ,1
o esquadrao suicida ganha novas imagens,0
mds quebrei o prato chique da mae ela vai me matar socorro,0
"um irmao ali, falando que vai me pegar e vai me bater, me matar, vai fazer tudo de ruim. eu passo perto do brabo, ele falta comprimentar kkkkkkk",0
a marina deve estar querendo me matar!,0
e a cada 5min planejando suicidio,1
quero morrer,1
cheguei na minha vo e ela ta querendo me matar porque diz ela que ela so atrasou o almoco porque tava tik tok e que ela agr ta viciada,0
"isso tudo porque to com o oculos antigo que tem o grau errado, nao enxergo porra nenhuma e a otica ta me enrolando horrores pra enviar o novo devem ta esperando eu terminar de me matar eu acho",0
minha vo saiu e pediu pra eu fazer alguma coisa mas agora nao lembro o que foi ela vai me matar kwjdjskkxsjhxk,0
"qeria mt ter um crocodilo de estimacao, que nao quisesse me matar",0
vou me matar.,1
eu quero me matar,1
"minha vo prefere que eu pague van pra ir e voltar do dotti pra chegar em casa e me matar pra comer rapido pra dai pegar onibus pra ir e voltar do trabalho, doq me colocar no ps que e so eu pegar o onibus de manha e de noite e ja tudo pronto so falta os papel, a vai se fode",0
to deixando bem claro que eu nao gosto da elena e acho ela sim uma personagem podre......eai vai fazer o que?? me matar por ter opiniao propria??????,0
quero morrer,1
"kk 9vinha que papo e esse de suicidio? condicoes hein, ce e mo limda para com isso",0
fui no mercado e voltei destruida.. serio esse sedentarismo vai me matar,0
"depressao, ansiedade, labirintite, pressao baixa, morte, suicidio, me atirar de um predio ",1
quero morrer nao to zoando,1
itzy maluquinhas nao pode me matar assim do coracao,0
porque vcs querem me matar,0
meu jogo ta simplesmente crashando justo na cena final eu quero morrer,0
nossa como e bom estar de tpm vou ouvir o evermore agora e me matar,0
quero morrer,1
quer me matar e eu pedir opiniao pra uma pessoa e ela responder com escolhe o que vc se sentir melhor,0
vou me matar,1
desenhei a garota que vai me matar de ansiedade vulgo billie eilish,0
vou me matar,1
mds alysson vai me matar do coracao kkkkkk,0
"postei as danca no insta, fiz o famoso suicidio social, abraco a tds",0
9 provas em um dia: [27/04/2021 09:56] carla camile: suicidio ta cada vez mais perto,0
"e a minha familia que todo mundo quer que eu e o gustavo tenhamos filhos agora kkkkk, pelo menos se acontecer sem querer ninguem vai querer me matar kdkckdkc",0
que dia horrivel quero morrer.,1
"eu admiro ver as pessoas que ainda tem expectativa para o futuro delas, porque pra mim se eu nao me matar daqui para o final do ano eu saio ganhando",1
mae se seu plano eh fazer eu me matar continua que ta dando certo,1
vou me matar aq rapinho ja volto,0
kkkkkkkkk ai elas querem me matar,0
veja os usuarios que acessaram seu perfil agora,0
"estou a gostar bwe de passar a maior parte do tempo a pensar em ti, principalmente quando estou a conduzir, se queres me matar avisa caralho",0
vai me matar de rir caraio,0
"essa colica vai me matar, certeza ",0
pensando em suicidio mais do que eu gostaria,1
"nao consigo pensar mais pra estudar, e quando penso a labirintite ataca e eu fico tonto e quero morrer.",0
o siso vai me matar,0
la em casa eu quero ser a super nanny que ensina tudo com calma mas infelizmente e tudo ao contrario eu grito bato xingo chamo nome ruim acho ate vou infarta no final ainda falo vc vai me matar quem me deixa assim uma crianca abencoada tem 6 ano ,0
que dupla.,0
eduardo eu vou me matar,1
namoral me matar de fazer prova pra ganhar 5 ponto e de fuder viu,0
meu refluxo ainda vai me matar kkkkk acabei de me afogar c minha propria saliva meudeus,0
o senhor esses velhos ainda vao me matar de preocupacao,0
"quer me matar? escreva meu nome com k , porraaaaaaaaa e carol com c.... c de caralho ",0
nao porque existem pessoas como voce que ainda recorrem ao suicidio quando precisa de alguem para falar e se afasta de todos porque nao quer ser um fardo para ninguem sendo que voce nao e fardo nem para a bettinha,0
um dia lewis hamilton vai me matar do coracao com esses stories ,0
happy bday neiru honrando o time pra ninguem me matar dps,0
"e esse mesmo, eu so queria me divertir sendo ruim em jogos. mas os viciados de anos tem que me matar 10x na partida.",0
"so quero morrer, oq acontecer com o corpo depois tanto faz",1
bo dia quero morrer,1
meus pais so comecaram a saber dps de uma tentativa de suicidio,1
so quero morrer,1
cogitando suicidio,1
tive uma crise fudida ontem e agr minha mae nao quer me deixar sozinha achando que eu vou me matar,1
adriane vai me matar quando ver as fotos que eu postei no status ,0
ent o prato so cometeu suicidio mesmo,0
"tia lu fez um empadao,que nao deixei nada pro gabriel kkkk ele vai me matar",0
porra 30 de julho serio billie eu vou ficar 30 dias esperando isso vc tmlc quer me matar puta,0
quero morrer,1
indo cair de cara nas drogas e cometer suicidio antes de eu completar 18,1
"nao vem com essa historia pro meu lado de me mandar assistir uma serie, e ela so ter uma fucking temporada. quer me matar me da um tiro",0
"antimogais sao pessoas que se mobilizam contra mogais. ja fiz uma thread explicando o que e, caso voce queira. e os ataques estao tao pesados que envolvem ate crimes, como inducao ao suicidio. tem uma pessoa trans preta e lesbica que esta sendo alvo muito forte desses ataques.",0
"sol vai me matar com suas observacoes, estarei deixando avisado aqui..",0
vou me matar foda-se,1
quero morrer!,1
"achei errado a dc tirar o coringa do esquadrao suicida, era so fazer um coringa que se descobre gay. pronto atualizou tudo",0
"x: voce gosta de justin? yuta: sim, eu gosto de justin...por causa do mark, ele sempre ta ouvindo justin bieber  eu to morta passando mal quero morrer",0
"yarichin nao e toxico, so os personagens que fazem piada com suicidio e querem pegar o protagonista mesmo ele dizendo que nao quer e se sente desconfortavel, mas tirando isso nao e, super saudavel",0
amanha vou na psiquiatra serio se eu tiver no mesmo estado que hj ela provavelmente vai me internar ou eu vou me matar antes de chegar la,1
esse pessoal falando pra eu ir na campanha de vacinacao tao tudo querendo me matar,0
sonhei que o hulk queria me matar (?),0
vou me matar,1
meu santo rakin lena se quer me matar do coracao... ta tao perfeitinha aaa,0
"eu nada. to so falando as verdades nessa rede. a milicia dos cactos vai me matar em breve, mas nao tenho medo dessa organizacao criminosa e fedorenta",0
eu quero morrer serio,1
a musica do esquadrao suicida swrii,0
lembrando aqui que comi doce de leite tambem. vou me matar,0
"terapia da muito trabalho, vo de suicidio",1
suicidio.,1
faz uns 5 dias que eu nao penso em me matar sera essa uma evolucao???,1
que medo eu quero morrer pfv deus,1
"ai que vontade de me matar, que saco",1
esse cb vai me matar sim,0
mais um dia cancelando minha aula de violino. meu professor vai querer me matar,0
billie eu te amo mas vc quer me matar de ansiedade,0
na real eu nem quero morrer de verdade eu do quero que eles se sintam culpados e parem e me tratar feito lixo,1
"com a dor de garganta que eu to, se me matar eu vou agradecer kkkkk brinks, porque ?",0
por que que isso ta acontecendo cara kkkkkk querem me matar,0
"ai acordei triste, vontade de me matar",1
quero morrer,1
"hj um cara de 20 anos cometeu suicidio na minha cidade, isso foi tao pesado, eu quase nao consigo fazer uma atividade que tinha que fazer, e tenso...",0
de um serial killer me matar no banho enquanto eu to com sabao no rosto,0
tentando entender quem sao essas pessoas e quais delas querem me matar,0
suicidio puro kkkkkkkk,0
vou me matar,1
so 30 de julho quer me matar billie,0
"perai phabell, ce quer me matar?",0
vcs querem me matar fala logo,0
"voce acha que a raca de evangelicos foi exterminada? tem mt gente que nao bebe nem fuma, por isso o indice de suicidio ainda e alto",0
um dia essas montagens vao me matar do coracao,0
e eu que sonhei que o thomas shelby queria me matar kkkkk,0
vou me matar,1
acordei com uma foto dessa quer me matar shawn mendes???,0
quer me matar e beber agua igual pato,0
meu deus meu deus eu quero morrer muito muito muito,1
se eu nao comesse guacamole hj acho que minha lombriga ia me matar,0
"vou me matar pra conseguir, mas vamos conseguir!",0
"me passam uma tarefa complexa: resolvo de um jeito supreendentemente facil. me passam uma tarefa simples: oi, quero morrer",0
eu acabei de ler que cleopatra era ruiva kkkkkkkkkkkkkk quero morrer ! cancela o ep ai gente,0
eu pisei na bola real agira eu quero morrer nao acredito que eu fiz isso akdnkaks eu sou um fracasso,1
ta querendo me matar ne,0
quero morrer,1
indo me matar,1
vou me matar,1
que inferno de desgraca e essa meu deus que horror vou me matar,1
"a ed fisica hoje tentaram me matar viu, levei chute na canela, cutuvelada na garganta, to toda arranhada, meteram um murro no meu peito, to e morta",0
itzy vcs vao me matar cm esse cb puta que pariu,0
"gente eu to sem acreditar, minha pressao ja caiu, eu ja surtei, eubja gritei, eu ja pulei, billie ainda vai me matar serio",0
acho que minha cachorra quer me matar,0
"dm, to com medo de aniplex me matar kk",0
carol borba vc quer me matar sim ou sim,0
ta querendo de tristeza me matar a essa hora ???:!:!,0
"riley nao lidou bem com o termino, tentando contata-la enquanto ela insistia que a deixasse sozinha. apos gaul tentar suicidio por overdose de remedios e sobreviver, situacoes inusitadas passaram a ocorrer com emma, cujos resultados eram encontros com o ex.",0
"o crime que esses governadores, prefeitos, juizes, fiscais e procuradores tiranos e psicopatas estao fazendo em massa com o povo: perseguindo-o, humilhando-o, prendendo-o, falindo-o e levando ao desespero e ao aumento do suicidio, tremem as portas do ceu!",0
"se bolsonaro optar pelo suicidio, noblat deveria imita-lo. mas para que esperar pela vergonha da proxima publicacao? por que nao fazer isso hoje, agora,neste momento? para o bem dos leitores do brasil, nenhum minuto sem noblat sera cedo demais. absurdo se alguem escrevesse...",0
eu sou tao irresponsavel quero morrer,1
"caralho irmao quero me matar real, nao aguento mais",1
30 de julho billie???? voce quer me matar??,0
eu to na casa da minha amiga e ela falta me matar de fome,0
porque vc ama me matar hein,0
"quero morrer, ele ta tao perfeitinho nessas fotos, renjun vc e tudo entenda",0
takemichi: mikey nao se mate mikey: nao vou me matar obrigada *saem felizes e juntos* *takemichi tropeca e cai*,0
// bsd spoilers ? // enforcamento // suicidio . . . . . . . . . irmao ele fez o ace acreditar que tava dentro da mente dele e ele acabou se matando achando que ia sair de la... caralho... mas esse ace era chato pra caramba tbm... metido insuportavel,0
se vc quiser... sinceramente? eu so quero morrer,1
que bela historia sobre suicidio,0
"pior que penso em ser prof real... mas no brasil, pensar isso e quase um suicidio",0
"revi o video que eu fiz quando cria pra restart e pela primeira vez nao quis me matar de vergonha, pelo contrario, me achei a coisinha mais linda do universo, superei essa merda, gratidao",0
"porque nao cometer suicidio: sua mae vai ficar triste e voce vai pro inferno. por outro lado, se voce for pro inferno tu vai poder assistir show do lil nas x",0
os emo quer me matar,0
30 de julho billie eilish vc quer me matar de curiosidade,0
"eu quero morrer tanto quanto qualquer um aqui, mas meio cringe esse bagulho de romantismo",0
"nao amg tipo suicidio, drogas, gore esse tipo de coisa",0
apioar o pt e apoiar o suicidio do brasil depois de tudo que escancaradamente vimos acontecer. meu voto jamais tera quem ficar do lado da corrupcao provada.,0
"era so uma pilula que fizesse a gente ficar gostosa nao aguento mais me matar nesses treinos, scrr",0
minha nossa senhora ter que ler isso em 2021 e muito suicidio - politico trabalha com o que ento???? ,0
esse episodio vai me matar do coracao,0
"easter egg: no filme do esquadrao suicida, se voce reparar bem, tem o rosto de um noia tatuado no coringa do jared leto.",0
eu quero morrer,1
"se quer me matar de curiosidade, me manda oi tudo bem e some.",0
a lagrima caindo ali meu deus vc quer me matar billie eilish?,0
ainda deitada essa dor nas costas vai me matar,0
to do lado da casa do joao sera que se eu for la almocar ele vai me matar?,0
medo de voltar com o ccat e mandaram eu me matar que nem da ultima vez ,0
nao sei com o que voce quer trabalhar mas na maioria dos empregos isso e suicidio profissional,0
vou me matar eu falei 0,1
"maya vai me matar, mas fazer oq",0
e eu tambem nao vou me matar p pagar uber toda vez saio p qualquer lugar. nao adianta fazer mais divida porque eu sei que nao posso pagar uber. teve epoca que eu saia 4h antes do horario da faculdade e mesmo assim eu chegava atrasada,0
quer me matar e eu estar na moral e insinuar algo sobre mim,0
o liam quer me matar ne??? so pode,0
mazikeen smith um dia ainda vai me matar do coracao. ,0
legal vou me matar,1
"quer me matar, so pode",0
gosta de me matar do coracao,0
a puc-sp ainda vai me matar,0
nossa a daianny vai me matar,0
saudades fevereiro quando so existia sonho erotico agora so sonho com gente tentando me matar voti,0
mds minha mae vai me matar,0
"nao sei vcs, mas o suicidio me atrai bastante",1
meuduus billie eilish meudeus vc me salvou e vai me matar do coracao mulherrrrrr,0
estou bem? nao vou estar bem em breve?provavelmente nao pretendo me matar? sim vou dizer o porque ou tentar continuar viva? provavelmente nao,1
quero morrer,1
minha mae ia me matar,0
"o instagram quer e me matar de susto, saporra!? eu fiquei geladinho",0
friozinho bom pra cometer um suicidio,1
"sisu vai me matar do coracao, nao guento mais esperar",0
kkkkkk nao tem como ela me matar se eu nao entrar na aula,0
ela vai me matar ainda,0
"eu vou continuar sendo solo e apoiando o trabalho do ot6 msm vcs me xingando, dando unf, mandando eu me matar e o carai a quatro",0
quero morrer,1
a billie e a bibi tao combinando pra me matar for coracao nao eh possivel,0
musica quinta e album novo ela qr me matar pqp,0
"nunca passei tanta vergonha na minha vida igual hj pqp ,quero me matar dps disso",1
"ja que suicidio e pecado, alguem me da um tiro rapidin",1
eu escrevendo sobre suicidio e minha mae passa sem ler nada e fala ih oq vc ta escrevendo? uau disso ai sai um livro ou uma musica? uiuiui,0
"da uma lida no contrato de locacao de apoio do ve se tem escrito apoio incondicional? porque apoiar a essa altura e suicidio politico, o vai confirmar isso mais pra frente.",0
foda-se eu vou me matar,1
acordei e vi um rato suicida,0
ja quero morrer ha um tempo mo ,1
": ja stalkeei?: simm : gosto de voce?: d+, d+ : shippo com: **** : confesso que: fiquei com medo da leticia me matar por querer amigar com vc : ppp: passo",0
ai eu quero morrer,1
"essa lua em escorpiao vai me matar, tenho absoluta certeza",0
"porra eu nao quero voltar porque eu nao quero morrer, nada mudou, ngm perdo dr mim ta vacinado e obvio que eu vou ter crise de ansiedade me expondo assim",0
billie eilish voce ainda vai me matar amdndifn,0
essa serie ainda vai me matar,0
eu jogo de lux e ainda nao achei nenhum zed digno de me matar e namorar cmg,0
"tomei ivermectina pela 1a vez na vida qd tive sintoma de covid e agr que to boa nao tomo nunca mais, eu gosto de manter os vermes na minha barriga que ai eles comem oq eu como e eu emagreco acabei de ouvir uma mlr falar isso aqui e agora eu so quero morrer",0
quero morrer,1
"*a juliette e chata pra caralho, reclama de tudo, chora e fala demais* falou o tuiteiro, reclamao, chorao suicida, drogado e bebado que o mundo acaba qnd o twitter cai",0
jogando jogo de fazendinha pra esquecer que eu quero me matar,1
nem precisa mandar eu me matar eu ja faco isso cmg msm todo os dias,1
nao quero morrer ta doida,0
"eu lavo louca e banheiro de boa, mas eu quero morrer na hora de estender roupa. whyyyyy",0
amiga acho que foi uma tentativa de suicidio,0
renjun vc e o meu fav do dream pra que me matar desse jeito???? eu te amo uaaaaaaaaa,0
txt vcs vao me matar serio nao aguento mais esperar que odio eu to muito curiosa,0
ia literalmente me matar de rir (),0
eu deixaria o dexter me matar,0
quando a colega ta aqui sao no maximo 7 consultas hj eu ja lancei uns 15 kskskskskssk vao me matar eu to sentindo,0
a revista total film divulgou novas imagens de o esquadrao suicida. o novo filme da dc estreia em 6 de agosto.,0
"e eu que li ""tentar nao me matar ne"" e eu quase respondi ""to assim tbm"" manokkkkkkkkkkk",0
toda vez que tu aparece na tml eu quero me matar apaga isso agr apague,0
eu vou me matar,1
esse negocio de dia das maes vai me matar de ansiedade eh serio,0
eu quero morrer,1
"fala isso nao, vou me matar",1
que caralho de tem comigo vsf fica crucificando ja quero morrer e ai ficam ai botando lenhw me apedrejando que porra,1
michael myers veio me matar mas dai tava tocando sharp dressed man e agora estamos dancando,0
sonhei que aquele allan jeon tentava me matar me enforcando no meu quarto,0
"nao sei se isso e so idiota pra caralho, mas eu amo colocar um monte de coberta no chao (nao quero morrer de frio ainda) e espalhar todas. deitar e ficar com todos meus cachorros, ficar vendo o ceu, a chuva, enquanto eles dormem e acabar dormindo tambem",0
quero morrer mas itzy te amo e nois,0
a billie saindo da era quero morrer pra era mais faliz que nunca,0
isso ainda vai me matar kkkkkk pprt ,0
"eu quebrei essa merda desse botao, nss eu vou me matar",0
acho que suicidio e sim a melhor opcao,1
"tmb ja sofri bastante , mas me matar nunca . se matar nao tem volta.",0
fabiano vai me matar? vai me matar! mas eu vou comprar uma torneira gourmet monocomando kkkkk,0
vou denunciar seu tweet por manisfestar intencao de mutilacao e suicidio sua puta sua conta vai cair em dois segundos,0
"minha mae vai me matar na hora que descobrir oq eu comprei ou vai ficar feliz e eu nao vou ficar de castigo, medo de ficar de castigo kkkkkkkkk",0
"vc quer me matar so oq me faltava ne, coracao chega parooou",0
"menos penal gente, penal nao deu na pratica, nao quero morrer",0
apetece me matar toda gente? sim,0
"vou, se a coca nao me matar o bolsonaro mata",0
draco vai me matar eu vou morrer dnv mlk,0
"eu sinto mt sdd da aula presencial, mas nao quero voltar ainda porque nao quero morrer",0
"eu esqueci que nao posso me matar ainda, ano que vem vou fazer tour pela europa",0
peguei o pc da minha irma emprestado e fui inventar de fazer um upgrade na ram do note e dei curto no terminal pelo amor de deus meu pai vai me matar fudeu,0
"imagens ineditas de esquadrao suicida? temos!  o portal divulgou uma serie de imagens ineditas do filme que estreia em julho deste ano. alem do grupo de anti-herois, podemos ver os bastidores da direcao de james gunn. e ai, ta ansioso? se liga so!",0
um dia o ale vai me matar do coracao,0
quero morrer,1
de madrugada meu gato tentou me matar ele pisou no meu pescoco,0
amassei o thome ele me deu 150 falou que foi facil e teve a pausa a msc p me matar,0
me manda a musica? eu ainda nao vi. quero morrer de ciumes pelo meu marido,0
ent a solucao mesmo e o suicidio,1
"bah sor, nao e mal vontade nao, e que tem duas resenhas pra essa semana e mais um livro que a gente vai ter que escrever pra portugues, eu estudei o geral da tua materia e fiz um texto, p/ mim nao vale a pena essa semana me matar por dois pontos, se nao tivesse nada pra fazer beleza",0
eu to tao curiosa pra saber o significado por tras dessas fotos p&amp;b serio a curiosidade vai me matar,0
"a direita: ""nao critica o bolsonaro porque o pt volta"" a esquerda: ""nao bate no lula agr que e suicidio"" bolsopetismo vindo runfante",0
"puta que pariu essa desgraca vai ganhar 1,5m quero me matar, tem pior ainda nos comentarios desse tweet",0
"primeira luta com o mundo, nao quero morrer.",0
"a taciana tinha uma filha que era muito gata e depois acabamos ficando de dengo e ela comecou a me perseguir com uma arma para me matar, mas quando ja nao tinha mais lugar para eu fugir lembrei de alguem me contando sei la o que e disse para garota me matar e ela parou!",0
stan da jade que nao entende uma palavra do que ela fala = eu kkkkkkkkkk juro ingles britanico ainda vai me matar,0
por que eu nunca vejo quando meus pais me ligam mds eles vao me matar,0
participar desse reality vai me matar ainda juro,0
"as vezes no palmeiras, torcida rima com suicida.",0
"bom dia, quero morrer",1
nao tenho um minuto de paz acabei de me matar fds estudando pra essa prova de manha e ja vou ter que estudar pra 2 aulas diferentes de amanha,0
"quer saber o diagnostico de alguem? faz uma playlist de 10 musicas com simple plan, evanescence e my chemical romance. se a pessoa souber cantar 8 musicas, ela tem depressao, se souber cantar todas as 10, e suicida",0
vou me matar,1
"ganhei duas e perdi duas, a outra partida foi eu que me matei entao nem adianta bancar o campeao. quer levar merito de matador no suicidio alheio",0
"ccj aprova 14 projetos, entre eles o de prevencao ao suicidio no rn",0
esse tpm vai me matar um dia senhor ,0
"eu tenho um deus que nao vai deixar essa luta me matar, o desespero me tomar",0
"4, mais que isso e suicidio",0
vou me matar,1
quero morrer,1
a boquinha e a pintinha eu quero morrer vai se fodeeeeee,0
"quer me matar? e mentir e eu estar sabendo da verdade.... porra, minha vontade e mandar ir p casa do caralho na hora, parceiro",0
"a julia vai me matar de tanto rir, as fotos dela crianca sao iconicas",0
namjoon tu quer me matar e,0
claro pensei que ia parar um caminhoneiro e me matar kkkkkkkkk,0
eu tava fazendo um destaque no instagram e o aplicativo fechou eu vou me matar celular lixooooo,0
"pqp, vou me matar",1
"talvez eu mude pra 1 pessoa, vai me matar?",0
caralho gabriela vai me matar do coracao,0
eu vou me matar estou avisando,1
ja posso me matar?,1
"eu estou pirando com as minhas polaroids  por deus karol, a senhora quer me matar? eu quero colar na minha testa tudo isso! vou fazer rodizio  obg pelo carinho de sempre, saiba que voce tmb pode contar cmg sempre um beijinho gelado e um abraco quentinho",0
bruna so falta me matar porque nao sei do find ainda,0
serio louis vc vai me matar um dia nao e possivel aaaa,0
vo me matar juro llr deus,1
edivaldo quer me matar,0
meu treinador quer me matar nao ironicamente falando,0
se ela me matar eu agradeco,0
por favor reagan por tudo que e mais sagrado nao faca isso eu tenho familia eu sou muito jovem eu nao posso me matar reagan por favor,0
"fui pra uma festa e bebi horrores, saimos 7 da manha e fui pra casa de uma amiga. lembrei que tinha que ir pra casa, senao minha mae ia me matar. pedi pra minha amiga me levar pra casa de carro, quando chegou no carro eu pedi pra dirigir (bebado, sem carteira), e ela deixou...",0
"eu definitivamente vou me matar, eu desisto de verdade",1
essa faculdade vai me matar,0
faco voce rir e voce quer me matar?,0
vou me matar,1
ana clara ela vai me matar te aquieta kkkkkk,0
esse chelsea vai me matar puta que pariuuu,0
voce quer me matar???????,0
puta que pariu eu to derramando lagrimas sangue suor esse puto vai me matar eu sinto eu amo ele porraaaaaaaaaaaaaaa shi wudu stan desde sempre,0
meu deus chelsea tu vai me matar,0
louis ta tentando me matar ctz,0
tpm vai me matar,0
iji que meme de quem vai me matar,0
mdsss minha sogra um dia vai me matar kkkkkkk,0
puta que pariu vcs quetem matar prorraaaaa tira essa bola dai,0
nossa mas eu fiquei tao feliz e contei p meus pais obrigada sisu por quase me matar do coracao,0
irei me matar,1
vou me matar,1
quer me matar de raiva e ignorancia gratuita,0
meu deus eu tenho que aspirar meu quarto inteiro minha rinite vai me matar,0
"casemiro fdm, quer me matar do coracao",0
vou me matar,1
nossa mas que vontade de me matar,1
o real ainda vai me matar do coracao,0
minhas amigas falaram tanto que ia me matar se eu escurecesse o cabelo que a tinta nem pegou,0
"porque caralhos meus cf esta colocando gnt aleatoria, vou me matar",0
alerta de gatilho: suicidio e f*da estar em burnout e ter que prestar vestibular/procurar emprego porque os pais nao aceitam que eu parei a faculdade ano passado porque eu ja tava em burnout e ia me matar...,0
a estetica de ficar criando cenarios romanticos na cabeca kkkjkk isso vai me matar um dia,0
"chaesoo do ceu, vou ali me matar",1
meu deus eu vou me matar eles sao muito lindos,0
uai ce joga a indireta assim sem mais nem menos vai me matar ainda conta,0
e se eu qm sabe kkkkkkkkk me matar kkkkkkkkk,0
vou me matar,1
eu vou me matar.,1
so queria me matar logo,1
"todo dia video no ttk de pessoas falando que odeiam quem fala gritando , ttk quer me matar",0
os videos te taro na minha fyp vao me matar,0
"intolerancia religiosa com a minha religiao: vao me matar, holocausto, campo de concentracao intolerancia religiosa com ""bruxaria"" (qual?) e ""paganismo"" (nao e uma religiao): tao zoando quem acha que doendinho na garrafa e vivo",0
a saida de bola desse time ainda vai me matar,0
christyan um dia vai me matar,0
"eu: ""eu quero esse que ta no meio no chao"" ""ta doida vc vai querer e me matar pprt kkk"" manoo kkkkkkk",0
irmao minha mae colocou uma foto minha escovando o dente no facebook eu vou me matar eu vou me mataaaaaaar,0
"nao, vo me matar",1
"ariel so tem 10 meses e eu peguei ela no segundo degrau da escada, essa garota ainda vai me matar do coracao",0
quer me matar de raiva e marcar horario e nao cumprir. sem nocao demais!,0
a fadergs ainda vai me matar de odio.,0
eu vou me matar.,1
ate o final do curso eu nao vou precisar me preocupar com o exame da ordem pois o npj dara um jeito de me matar antes,0
o que eu sou se nao um monte de merda inutil que nao tem 1 qualidade que preste??? eu deveria me matar mesmo,1
nao aguento mais minha vida e muito chata,1
"a minha professora vai me matar de ansiedade, nao ta dando naum",0
esse livro vai me matar,0
hoje a maria luiza vai me matar reclamando do curso de letras,0
que issi carla mandando eu ir me matar?,0
jelena vc ainda vai me matar do coracao,0
minha mae vai me matar se descobrir que eu nao to comendo e to fznd exercicio,0
vo me matar,1
minha mae ta com um odio de mim que chega da vontade de me matar,0
"quer me matar e quando cliente chega com valor alto com nota 5/10 reais, vai se foder ne",0
nada pode me matar porque eu morri quando o pituca e o soteldo sairam do santos,0
adm e verdade que vc quer me matar de curiosidade???,0
farmacologia um dia vai me matar ctz,0
"quase perdi a aula d ingles porque eu tava quase dormindo, minha mae ia me matar",0
"hanker, na proxima vez que voces quiserem me matar, marquem data e horario! - agradecida",0
gabi vc quer me matar do coracao,0
analisando se a aninha e manu vao me matar se eu mudar algumas coisinhas na historia...,0
te falar a verdade nunca achei na minha vida que ia preferir aula de tcc do que historia puta que me pariu queria me matar,0
estou pilhada nesse negocio de trezentos e sessenta e cinco do louis ele quer me matar de ansiedade come back louies i vote for at the,0
a gigi existe e eu quero me matar como que pode ser tao bonita assim meu deus,0
a um passo de me matar,1
os criminosos sao da e que roubaram videos da minha intimidade e compartilharam em redes sociais. eles estao tentando me matar para ocultar os delitos praticados.,0
a re vai me matar serio,0
eu vou me matar,1
minha coluna ainda vai me matar,0
"zerei mesmo, eles vai me matar",0
nao vou me matar so pra assistir percy jackson percy jackson is coming,0
essa garota ainda vai me matar de preocupacao,0
to muito gatilhada quero me matar,1
"eu preciso saber dessa fofoca urgente, tipo nao que seja da minha conta mas pfvr vai me matar por dentro",0
eu vou me matar,1
"se esse garoto nao me matar de odio, me mata de susto. tomar no cu",0
jesus ! meu pai vai me matar,0
se a faculdade nao me matar do coracao ngm mais mata rsrsrsrsr,0
"essa solidao vai me matar, volta p mim",1
a academia ainda vai me matar um dia,0
gente o sm5 ja is coming e nem tem nada dele ainda shawn mendes apenas quer me matar ne,0
tenho que comprar essa camisa do botafogo se nao bruno vai me matar,0
ta tranquilo so to indo me matar,1
queimei a porra do pano de prato minha vo vai me matar quando ela acordar kkk,0
"meu sonho de princesa foi realizado  minha mae vai me matar, porem eu estou amando",0
"cansado de viver essa vida merda, nesse lugar de merda, nesse pais mais merda ainda",1
"o board da tem que saber que manfredo rubens esta tentando me matar para ocultar os crimes que praticou contra mim. peco ajuda, sou ignorada. ele exige dinheiro, me criminaliza sem provas e aplica medida cautelar, tudo com dinheiro da basf",0
meu deus a gabi ainda vai me matar do coracao,0
nossa vc vai me matar porque eu mudei o user puta merda,0
eu juro por deus que um dia essa mulher vai me matar,0
se minha lactose nao me matar hoje nada mais me mata,0
gabriela pelo amor do olimpo todo garota voce vai me matar do coracao que coisa mais perfeita e linda,0
"pelo amor de deus, voce quer me matar? to chorando agora",0
a bronca porque tava surtando e minha pressao vai subir hihi eu disse que esses turcos iam me matar hahahahhahahaahha,0
eu devo ter desenvolvido 77 problemas cardiacos por causa dessa sessao de terapia alguem me matar por favor??,0
ok agora eu vou ter que atropela todas as minhas leituras pra ler pjo??????? essas adaptacoes vao me matar,0
gia o max ficou com o cabeca de ovo no negocio de quinta eu quero me matar,0
"meu deus que vontade de me matar, eu nao aguento mais eu nao aguento mais",1
"eu tava chorando no quarto porque estava pensando em me matar, dai minha mae entrou e eu desabei pra ela e ela e da igreja e tals. bom, ela me abracou e a gente chorou junto",1
meu deus essa mulher vau me matar,0
ai que belo dia pra me matar,1
se eu fosse obrigado a praticamente me matar pelo meu trabalho eu tambem faria o mesmo... um virus letal evoluindo a cada dia em um lugar com uma campanha de vacinacao que segue a cartilha incompetente do ms nao e brincadeira.,0
vou me matar,1
"em 2017 eu fiquei internade, tentei me matar, ia de mal a pior na escola e eu nem sequer imaginava que eu fosse sobreviver a tudo isso; hoje eu estou aqui, com a minha familia, meus amigos e me esforcando para atingir os meus objetivos",1
voces vao me matar,0
sempre assim viu amores vou me matar,1
nao foi dessa vez satan vc tentou me matar 1 mes c miojo mas olha eu aq fznd almoco hj sucesso total,0
"por um momento eu comecei a surtar ta querendo me matar do coracao, maria luiza?",0
se eu comer pastel 7h da manha pode apostar que nao vou estar viva dps de duas horas pois a dor de estomago ira me matar,0
que desgraca esse shopping tocando trem bala vs anavitoia quer me matar porra,0
"e bem simples, o pomo de ouro acaba o jogo, mas nao decreta a vitoria. eu posso me matar de fazer pontos e deixar o jogo a 360 a 150, se o time adversario pegar o pomo de ouro, o jogo vai acabar 360 a 300. em resumo, ate pegar o pomo, voce tenta criar uma vantagem.",0
"eu ja tava desanimada com a vida e o santos terminou de me matar. blackpink faz comeback e me salva, pelo amor de deus!",0
eu fui eu tava suzan queria me matar,0
porque a minha tml so tem o namjoon? vcs querem me matar de tristeza???,0
vou me matar entao,1
viado o bicho quis me matar vo xingar ate a mae dele,0
sera se eu so vou ter um futuro se me matar de tanto estudar,0
comecei dois animes novos e esqueci completamente de bnha kdkddkdkdkdk minha amiga vai me matar,0
serio dangelo a um passo de me matar,1
se for p me matar posta logo rita castillo is coming,0
vou me matar,1
oxs quer me matar kct,0
que vontade de me matar,1
esse negocio de vai ou nao vai pro servico vai me matar do coracao lakakakakaka,0
**meu teclado poliglota quer me matar,0
"vei, essa oscilacao de temperatura na primavera vai me matar de rinite pqp",0
"entao vem, me faz amar voce eu to louco pra dizer que eu nao vou mais te deixar eu nao quero mais viver sozinho sem voce nada fica pra depois quero um dia pra nos dois",0
quando eu acho que e um e o outro kkkkkkkkkkkkkkk vou me matar,0
"kkkkkk vai me matar sim, vai hunrum",0
mds vou me matar eu manchei a mesa toda de vabeta pernanebte mds do ceu oq eu facooooooiiiooo mainha vai xomer meu cuzinho pqp vou me jofar do oredio,0
voce quer me matar de ansiedade ne? kkkkkkkkkk so porque estou com mt saudade e marcamos nosso role,0
meu orientador vai me matar? muito que provavelmente,0
essa tia vai me matar juro hahahahahahha,0
"se a pessoa tentar me matar e mandar um audio falando alguma coisa fofa, triste ou que me leve a acreditar que a situacao dela nao e boa, eu faco o que a pessoa me pedir e isso e muito serio kkkkkkk",0
essa transportadora ainda vai me matar,0
acabei de concluir que nao adianta me matar fazendo conteudos bons todos os dias porque por mais que eu me mate o logaritmo so entrega qnd ta afim... entao chora bb,0
minha mae vai me matar to sentindo,0
nossa mas quer me matar me da um tiro!,0
as cores novas da pista de bike/caminhada do parque alvorada acabaram de me matar,0
as vezes eu me pergunto como a viu tube conseguiu cuspir na boca de um gato tipo assim ja e nojento e da odio mas eu ainda me pergunto como eu faco carinho nas minhas gatas e elas ja querem me matar,0
toda vez que aparece o dudu eu quero me matar e quando e o tato eu quero que morra,0
foda-se daqui a pouco tem real madrid pra me matar do coracao,0
me matar posso fazer isso errado tmb,1
"sonhei que eu era o eren, mas o inves de eu chamar os colossais e eles materem todo mundo, sairam atras de mim pra me matar e eu tive que meter o pique",0
eu nao vou me matar por camila sendo que a ju pode precisar de mim hoje fiz minha parte votei moderamente,0
sinceramente eu nao quero mais viver,1
henrique como assim tu nao ta em primeiro lugar ?? a vou me matar,0
"estj - gostam de organizar as coisas - se estressam muito facil - mandoes - confiantes - gostam de ser reconhecido por seus meritos - o mais provavel de morrer sozinho se nao vai ser do meu jeito, entao eu vou fazer sozinho",0
depois eu fui na faculdade e tinha um bandido atras de mim. eu falando com a advogado eu disse querem me deixar virgem. o bandido escutou .depois pronto ! quem estava escutando com minha irma queria que eu voltasse para algum lugar . pois queriam me matar .,0
tanta coisa pra fazer hoje e a colica vem pra me matar derrubar e humilhar,0
"eu andando na barra com rhana o velho conversando na rua: ""ela ficava ameacando me matar, ai eu fui la e matei ela"" eu e rhana se olhando:",0
eu to me tremendo nao sei se e frio ou ansiedade/nervosismo mas acho que o fato de estar 21c ja responde minha duvida que odio futebol ainda vai me matar,0
vou me matar estudando pra prova amanha e e isso,0
352 o zidane ja quer me matar antes de comecar o jogo,0
"esse comeco de fim de semestre vai me matar, o pv e o primeiro a me dar uma rasteira",0
lrt eu vo me matar,1
vou me matar,1
"quer me matar e fazer as coisas de ma vontade, caralho e so falar que nao vai fazer",0
vao querer me matar com essa comparacao (ou nao),0
vou me matar,1
thais voce quer me matar,0
o jake falando de brooklyn nine nine ele quer me matar,0
"voltei pra dieta, voltei a me hidratar e minha mae ta pra me matar na academia, fe que vai da certo",0
eu to tentando nao me matar para de fazer eu me sentir inutil e ter medo dr vc,1
fazia tempo que eu nao queria me matar assim,1
odio vou me matar,1
"se os bonitos nao namoram porque sao bonitos, o que dizer de nos feios? vai todo mundo morrer sozinho entao hahaha",0
"querido diario: quebrei a perna do meu oculos, acho que minha mae vai me matar",0
que odio cada um na conta do outro vcs querem me matar????????,0
e nao e que esqueci de almocar de novo? minha mae se fica sabendo vem aqui so pra me matar (depois de me alimentar),0
9 reais um sorvete meu pai vai me matar,0
eu to caguejando eu nao consigo falar que odio que odio eu vou me matar serio olah eu to tremendo muito a cada palavra dela eu morro por dentro,1
queria tanto ter coragem de me matar serio eu nao quero mais ser eu nao,1
"se eu falar pra minha mae que ela tem essa similaridade com meu pai ela vai me matar, mas ambos nao aceitam quando a gente oferece, voce tem que entregar logo pra eles e dizer trouxe pra voce, aqui pra voce. so assim eles comem",0
ela vai me matar,0
"tem um cara novo na redacao que e a cara de alguem, e eu to a um tempao tentando ver qual e o famoso que ele lembra e so agora me toquei que ele deve 100% estar pensando pq que essa maluca ta me encarando mn?? vai me matar??",0
os sete maridos de evelyn hugo spoilers . . . celia vai me matar de chorar,0
ta querendo me matar com essa fancam?,0
vim em n.i so p ver o preco do perfume aiai vo me matar,0
"ate que estacao segura kkkk tava tranquila ja ate que eu olho pra tras ela ta atras de mim dizendo que ia cmg kkkk okay compramos a passagem entramos no trem e sentamos ai ela disse que agradeceu tambem pelo pessoal ter chego porque se nao ela ia me matar, porque era a vontade dela.",0
meu deus o bravo vai me matar do coracao ainda,0
eu nao quero mais viver que inferno,1
"pelo amor de deus, vc quer me matar???? cara mas esse barry allen e um grande lindao ein, to ansiosa pra ver ele na 7 temp",0
[27/4 15:31] ysa : vou ali me matar [27/4 15:32] ysa : depois meu espirito volta pra te contar como foi [27/4 15:32] bebela toledo : kakakkakakakakakakakakak nossa pra que inimigo,0
nao amiga sinceramente viu vo me matar,1
amiga eu nao consegui provar meu paladar infantil vai me matar dsclp,0
nasceu nao kakakkaka o medico quer me matar do coracao ,0
a ufpb vai me matar do coracao,0
fiz uma finalizacao que me custou uma hora enrolando o cabelo se essa porra secar e nao ficar com cachos bonitinhos vou me matar,0
"para com isso do nada na tl maraisa, quer me matar do coracao?",0
essa alergia ainda vai me matar,0
vou me matar,1
"agora ta tocando skank - dois rios quer me matar, so pode",0
nao serio to destruida com a kushina contando a historia dela e do minato pro naruto snzr vou me matar,0
segunda vez seguida que eu bato ponto na hora errada meu deus meu chefe vai me matar socorro,0
essa alergia ainda vai me matar,0
eu vou me matar eu vou cara eu vou,1
esse velhotr do ricardo ira me matar,0
juro lau alguem tem que fazer alguma coisa porque esse fandom vai me matar,0
vou me matar e nao e meme,1
no dia que isso acontecer pode manda me matar que eu nao to bem,0
"li soojin pela barra de notificacao com o cu na mao, ai eu vi que era a soojin do weeekly, quer me matar portal?",0
"top 10 medos absurdos que sao so minha ansiedade 1. morrer de forma ridicula 2. ficar tetraplegico e nao conseguir me matar 3. ser enterrado vivo 4. isso tudo ser um pesadelo 5. ser o unico sobrevivente de alguma coisa 6. morrer de ""causas naturais"" 7. isso ser uma simulacao",0
vei pelo amor de deus o excel vai me matar,0
another love vai me matar meu deus,0
onde voce ta? eu: pra que vc quer saber? pra ficar informada. quem pergunta isso no among us? quer me matar eh?,0
agata me ajuda o adolescente do tik tok vai me matar,0
pedi acai 5min depois de ter reclamado que eu gastei muito esse mes pra minha mae... ela vai me matar,0
"ai, meu deus, eu vou morrer sozinho se eu continuar nesse caminho de nao deixar ninguem me amar e de so me apaixonar por quem me faz chorar e me maltrata ai, meu deus, eu vou morrer sozinho",0
minha tml vai me matar,0
essa colica vai me matar aos poucos hoje. espero sobreviver,0
esse corretor automatico ainda vai me matar do coracao um dia,0
e ainda tem rumor de performance da selena ai os dois vao me matar,0
acho que a jorja smith quer me matar,0
mds voce torcendo p garota me matar ??????,0
fui super feliz pegar as cameras da mulher ai do nada brota ele e o amigo pra me matar,0
meu pai deixou o gas ligado esse homem quer me matar e,0
"puta merda,quebrei um copo,minha mae vai me matar",0
tentaram me matar com um copo de veneno o quem quiser matar me mate que beber eu bebo mesmo ...,0
viadinho dos infernos ele vai me matar um dia eu to avisano,0
queria me matar,1
"muita vontade de bolo de chocolate, vo me matar",0
minha coluna hoje vai me matar,0
"eu simplesmente nao estou bem, essa mulher vai me matar",0
me segurando p nao acabar c a cocada se nao meu pai vai me matar kkkkkk,0
brinca com essas parada nao doido eu sonhei que eu tava sendo cacado por um monte de gente que queria me matar,0
"minha mae vai me matar dessa vez, mas vou fazer",0
"parece o adc que eu peguei esses dias falando, o mlk de draven agressivando numa leona e miss e dizendo gg sup que nao bate ?? homemmm existe cdr e eu nao vou me matar num engage torto ne filhao",0
sim vei o povo falta me matar porque nao gosto nem de eremika nem de aruani,0
"[27/4 15:22] : que mane de golpe oq,acordei e ja quero dormir dnv p ve se eu consigo sonhar c ele novamente a kkkkkkkk vo me matar fml",0
serio eles ainda vao me matar,0
so falta isso aqui pra eu querer me matar,1
comprei 2 bolos de pote. foda-se. a tpm vai me matar.,0
own voce gostaria disso ne? assim voce arranjaria um motivo pra mandar eu me matar e cair de hate em cima de mim,0
vo me matar,1
"[27/4 15:13] bina: tu tem muita duvida sobre potencia? ai vc vai multiplicar expressao por ela mesma (m+n) x (m+n), e ai multiplica estilo chuveirinho tlgd? o primeiro m vezes o segundo m, depois k primeiro m vezes o segundo n, e repete isso com o segundo nao mds vou me matar",0
se minha intensidade ainda for me matar eu prefiro ser poesia e ter historias pra contar,0
saio cinco minutos do tt e tem 11948292 teorias sobre o lou vcs querem me matar????,0
vou me matar,1
"as vezes sinto que o louis quer me matar do coracao, nao sou o cellbit para desvendar enigmas, ele deve ta vendo a gente surtando assim:",0
"almocei e fui dormir um pouco, agora vou me matar nos deveres",0
vou me matar,1
santinha ainda vai me matar do coracao...,0
eu quero morrer eu nunca quis tanto morrer quanto agora eu to a um passo de me matar de literlamente tentar suicidio,1
mqnauella isso gwio pra minha tml eu vou me matar,0
"eu vou me matar, fds",1
"nunca faco, sempre acho que algum demonio vai sair do ralo e me matar",0
vontade de me matar,1
mddsss billie vc vai me matar de ansiedade,0
vc quer o que me matar ?,0
"tive um lapso de memoria de sabado que eu tava bebada e comecei a gritar e pular ao som de ""this is me""... mds quero me matar inferno",0
gente ela vai me matar,0
e voce quer que depois de banana fish eu veja anohana... voce esta querendo me matar de chorar?,0
vou me matar nao aguento mais.,1
que vontade de me matar aaaaa surtos,1
rachei a tela do meu celular vo me matar,0
"mds a barbara vai me matar, barbara desculpa o treco te marcou",0
meu deus a yuna vai me matar quando descobrir oq eu fiz e o que eu ~quase~ fiz,0
a willow vai me matar confirmado,0
o meu prof vai me matar ,0
ela que nao gostou de mim  ficou me encarando de madrugada com aquele olhar de quem queria me matar,0
dia 2 de suicidio estoico: comecei a pensar na filosofia e essas coisas devido ao fato de que minha vida perdeu o sentido agora sou niilista e quero me matar *adendo para caligrafia monstra,1
"amy nao vai da certo, ela vai me matar , tu e louca.",0
oh meu deus o santo tribunal do twitter me mandou me matar e eu que pensei que vcs eram contra isso pois induzia ao suicidio also eu sou trans e transfobico? como funciona isso? e onde ele foi transfobico?,0
eu quero me matar pelo amor de deus,1
filho duma agua quer me matar,0
"e eu to comprando tenis que so a desgraca, minha mae vai me matar kkkkkkkkkkkkkkkk",0
joalin acabou de me matar,0
que dia de merda preferia estar morto,1
os meus autores favs tiraram o dia pra me matar,0
"sim eu sei qie eu sou um lixo e eu sei que vc se arrepende de como me criou, pode me matar eu agradeco",1
"ana o louis vai me matar a qualquer momento e nem e meme, ele tem que entender que a gente e curioso",0
meu coracao comecou a dar pontada com esses surtos e eu percebi que tenho que voltar a tomar meu calmante hanker vcs vao me matar,0
to precisando ganhar respeito no gta porque eu mostro minha carinha linda e os cara ja quer me matar,0
ai estes flashbacks vao me matar ,0
"eles nao param, vou me matar",1
"que??????? quer me matar, mulher",0
o petch... ele quer me matar,0
voce quer me matar ?,0
professor andre quer me matar so pode,0
nossa eu vou me matar muito e vou matar a laura tambem,0
"meu anjo eu disse vilao que tem protagonismo,os diretores nao iam me matar",0
a upe quer me matar do coracao,0
e se eu me matar,1
"so queria me matar para acabar com toda essa vergonha, mds sempre humilhada por ser burra",1
que vontade de me matar...,1
zo vermelho sus me matou e o jack the killer quer me matar,0
"o aplicativo querendo que eu faca treino de perna dois dias seguidos, quer me matar e?",0
vai rick riordan ta querendo me matar de ansiedade?,0
mais de mil de ping vou me matar kkk,0
medo de namorar e terminar e a pessoa nao superar e tentar me matar,0
passar de semestre porfavor eu vou me matar se nao passar,0
eu vou me matar veyr,1
lucas eu vou me matar serio,1
ahahaha piada vou me matar humor,0
minha vo vai me matar de estresse,0
tem uma fucking musica da billie no album que se chama billie bossa nova billie??? mulher??? quer me matar de ansiedade????,0
eles querem me matar de ansiedade.,0
"mesmo voce querendo me matar, voce e tudo pra mimmm kkkkkkkk",0
aaaaaaaaa voce quer me matar rafaaaaa... meu ranu ,0
eu vou me matar,1
hoje a enxaqueca e enjoo querem me matar,0
minha namorada ainda vai me matar do coracao c esse negocio de me chamar pelo nome,0
esses dois dias vao me matar de ansiedade ainda...,0
mudei header mudei tudo menos o icon porque senao vc ia me matar,0
a penicilina ainda vai me matar do coracao,0
eu vou literalmente me matar,1
nao ri a minha mae vai me matar,0
 mas voce esta tentando me matar.  eu tenho tentado mostrar que me importo. eu demonstrando meus sentimentos e assim,0
esse tempo so queria estar abracada debaixo de um lencol com a pessoa que eu amo mas preciso eh me matar de estudar,0
vais me matar tu,0
vsf paguei boleto dia de sabadokdbwkdnakdndo vou me matar,0
querem me matar de curiosidade e?!,0
desperdicei 4 colheres de milho minha mae vai me matar,0
"billie e louis, vcs nao poderiam escolher dias diferentes pra me matar fo coracao? e muita informacao de uma vez so",0
"comprei umas blusas perfeitas, mas quando experimentei ficou uma bosta por falta de peito. vou me matar",0
deveria me matar,1
"essa musica me causa umas sensacoes primitivas, uma nostalgia ruim e ao mesmo tempo boa, nunca pensei que ia ter vontade de me matar ouvindo the offspring",0
mas eles vao garantir que vou ficar viva tambem e nao vao me matar ?,0
"eu acho, so acho, que o jardel vai me matar hj",0
ricardo riordan voce quer me matar do coracao solta o papo logo,0
amor se a ludmila vier me matar vc me protege?,0
e eu chorando pensando em como teu pai iria me matar kkkkkkk,0
meu deus a nyx vai me matar ase,0
essa rinite quer me matar,0
meu deus eu vou me matar,1
unico motivo pra eu nao me matar exatamente por isso que o nome dela e vida...,0
"giovanna do nada me lanca que sonhou que eu tava namorando, vo me matar",0
a etec vai me matar,0
"votar e uma coisa, me matar bo gshow so pro gil",0
louis meu deeeeus vc quer me matar,0
"tive um sonho mto doido , eu fui procurar um cachorro que tava sumido , e do nada um cara comecou a me ameacar e falar que ia me matar; sonho doido de mais",0
"faco e refaco meu cronograma e nunca entro em acordo comigo mesma, acho que a solucao e me matar",0
gay voce vai me matar,0
mas nao vou me matar e perder sono e nem trabalho por outro participante. quando o da ju estiver na reta ai sim eu me mato,0
vou me matar comendo doritos flaming hot tchau,0
irmao willow e louis querem me matar hj pqp,0
ai vou me matar,1
"fav e eu te marco com uma bandeira : te deitava no soco : amigao : te amo : beijava : oi, quer namorar cmg? : sou apaixonado em vc : te acho gata (o) : passa wpp? : acho vc gay : sou boiola por vc : nem te conheco porra se ngm responder vou me matar",0
tayane vai me matar hoje kkkkkkkkkkkkkkkkkk que menina boba,0
esse jogo ainda vai me matar do coracao um dia,0
esse governo ainda vai me matar de odio!,0
as vzs eu acho que a minha mae quer me matar sem meme porque pelo amor de deus,0
"...cansei... ...'acho que vou pegar uma grana emprestada c algum agiota, ir passar umas ferias prolongadas em maldivas, me divertir, voltar e deixar ele me matar...'",0
ta cada vez mais dificil nao morrer sozinho,0
"visualizei o story do menino que ele tinha postado fazia so 5 segundos, quero me matar toda vez que isso acontece.",0
que susto caralho queria me matar,0
louis ainda vai me matar com esses numeros,0
"aiiiin,esse video da emilly no meu fleets ta tudo,ela vai me matar kkkkk",0
pelo amor minha ansiedade vai me matar antes de junho rita castillo is coming,0
pra que estudar se eu vou me matar msm?,1
"quem quer me matar fale agr, e sua chance d realizar um sonho com meu consentimento",0
essa reninte ainda vai me matar que saco ,0
"hal vai postar cover de fallin pra me matar de uma vez, porem vou ver so depois porque agora eh hora da naninha",0
eu quero me matar.,1
espero que a laryssa nao veja minha mensagem nem tao cedo kkkkkk vai me matar,0
vou tomar cuidado entao porque o post malone vai tentar me matar,0
o meu vicio em cafe vai me matar de dor de cabeca ou de gastrite,0
eu comprei um negocio sem querer no cartao do meu irmao ele vai me matar,0
"a sua avo prometer nao me matar, talvez",0
quer me matar e o cliente dizer que quer o pastel que ja esta fritado,0
"sonhei que um cara qria me matar, serassi que e um sinal ??",0
rick riordan vc vai me matar,0
ela ta melhor sem mim nao tem mais oq fazer bitch eu nao ligo pra lean eu so penso em voce,0
essa rinite ainda vai me matar,0
esse homem quer me matar so pode,0
eu vou me matar mesmo nao adianta nada investir em mim,1
"nossa eu levei um susto, achei que tinha dado jacob, ja ia me matar",0
coronavirus nao pode me matar pois eu ja morri ouvindo como a historia de amor tharn e type ultrapassou a morte,0
"eu preciso ter um namoro adolescente com alguem que seja parecido com o castiel, serio, vou me matar",0
eu vou me matar eu juro,1
nossa querjo me matar eu vou me matar.,1
a minha quer me matar todos os dias com atividades,0
"""ele apertou meu pescoco com os olhos em chamas. poderia facilmente me matar ali mesmo se nao tivesse seus principios irreais.  nao me provoque, jones.  e apenas uma observacao, imperador.  sorri e ele me soltou. te vejo em alguns dias em madilian, mestre. tic tac.""",0
e se eu me matar? me parece uma boa.,1
"vei, minha mae vai me matar",0
irmao eu nao aguento e se alguma coisa acontecer eu vou me culpar pro resto da vida que sera pouco porque eu vou me matar kk,0
"as vezes acho que essa colica vai me matar de tao forte que e, chego a passar mal",0
bebam agua so a colica renal ja quer me fazer desistir e me matar para parar a dor,0
arkyos angel eu so me fodo comeco o jogo com 18 anos e um ceifeiro ja quer me matar se passa apenas dois anos e eu ja perco minhas memorias que isso,0
ah pronto voce quer me matar de curiosidade e isso???????,0
"eu nao aguento mais viver, alguem por favor faz a gentileza de me matar, obgd",1
queria me matar mas e tao perigoso,1
comecei a pensar como a vida de todo mundo seria melhor sem mim,1
"fiz tiktok a dar deboche em varchie, old que a vagabunda ia me matar se visse",0
"no dia que eu falar isso pro daniel ele vai me matar com um olha so kkkkkkk, sofro",0
lavar panela e o mesmo que me matar,0
"ja nao chega todo semestre eu me matar fazendo os projetos, hoje tive a bela noticia de que meu trabalho do semestre passado esta sendo usado por outras pessoas, gente as criaturas nao tem nocao mesmo ne",0
que vontade de me matar,1
hanker ainda vai me matar e nao e nem meme,0
voces querem me matar?,0
"nao faca isso comigo marcelo, voce vai me matar cara .hahaha",0
"esse enjoo vai me matar, fui fumar e quase vomitei ",0
"a minha familia, e meus amigos ainda nao vao me matar!",0
enquanro isso to esperando a atualizacao com o cap 6. suzanz vc quer me matar?,0
"meu deus yaman, tu vai me matar assim!!!",0
"vou passa no mercado comprar duas velinhas e um bolinho pra cantar parabens pra minha amiga no meio da rua, ou ela vai me matar, ou as duas morre de vergonha, me desejem sorte",0
torcam pra prova de anatomia nao me matar,0
finneas quer me matar porra eu sou cardiaca vey eu nao vou aguenta,0
vou me matar vei eu juro,1
"nao posso me matar pois, quem vai fazer as piadas idiotas do grupo ?",0
"caras eu tenho que ir almocar, minha vo vai me matar swrio",0
eu tenho vontade de me matar toda vez que alguem fala comunista de iphone e eu nem sou comunista!!!!,0
os 5 cards de kihno e o bird coloquei por colocar so pois sem planos de me matar atras deles hdngdnhfn,0
eu quero me matar serio,1
"acho que so vou conseguir me matar realmente quando eu tirar a culpa das pessoas, a culpa sempre foi e sera minha, nao quero que ninguem se sinta mal por mim, lembre dos momentos bons, os ruins eu pude providenciar sem nem saber",1
"se voce me amar demais eu paro de te amar um amor facil me apavora ai meu deeeus, eu vou morrer sozinho",0
depois que o galo perder hoje irei me matar na frente de um apartamento da mrv pra traumatizar o veio da mrv pro resto da vida,0
bia quer me matar do coracao ,0
meu namorado tentou me matar o que eu faco ?,0
"serio esse ""369"" ainda vai me matar um dia",0
"elisee novo, lily com creme na promocao e eu so queria um de cada, boticario ainda vai me matar",0
"se a pessoa da minha familia morresse antes do resultado do exame eu preferiria seguir os cuidados e sim, preferia nao me despedir e correr o risco de contrair a doenca. um velorio nao vai fazer a pessoa que eu amo voltar mas pode me matar. certo?",0
"agora eu nao tenho mais ninguem a quem dar meu amor, e ninguem para me amar, eu imagino que essa deva ser a sensacao de estar morto, nada alem do vazio constante, a incerteza, e uma vida sem significado, e estranho pensar que eu ""vivo"" assim a tanto tempo.",1
depois que vc tentou me matar nossa amizade nunca mais foi a mesma,0
cara foi usar a moita p me matar e depois me chamou porque ficou puto que eu usei o cr7 e matei ele kkkkkkkkkkkkkk,0
vou me.matar,1
quer me matar de nervoso e atrasa agendaaaa,0
"pera ai que estao tentando me matar e eu nao sou vitima nao. tenho que ficar quitinho, nao vitimiza. deixa os assassinos tirarem minha vida que nao serei vitima. ah vai se fuder lek",0
sua amiga quer me matar,0
essa dor na minha lombar vai me matar,0
minha irma ta querendo me matar do coracao nao e possivel,0
"billie| | mercadolivre | flavio bolsonaro | entao faz o l essa noite tive varios pesadelos um deles um cara vizinho de onde trabalho tentava me estuprar obrigado subconsciente, ja sinto nojo do meu corpo diariamente, agr so quero me matar",0
quem ta liberando essas fotos logo de antalya quer me matar,0
"esqueci de desejar feliz aniversario a uma das minhas melhores amigas da vida, amizade pra la de 10 anos. lembrei do aniversario o dia inteiro, so esqueci de mandar mensagem. fechei os olhos pra dormir e dei um pulo, ja eram 00:03. mandei mensagem mas sinto que ela vai me matar.",0
nao entendi vou me matar,1
"queria morar em uma casinha no meio do mato sozinha, mudar de nome e dps me matar",1
minha sandalia torou no meio da rua meu deus eu me odeio vou me matar agora,0
vou me matar,1
a camilla gosta de riverdale e me julga por gostar de friends vou me matar,0
queimei o bolo o que eu faco???? minha vo vai me matar,0
cara o vai me matar com esses stories dele .,0
hoje minha turma quer me matar porque eu transformei a aula de 3d em aula particular,0
as vezes eu acho que o louis vai me matar do coracao,0
quer me matar e se meter no que eu to fazendo!,0
esse menino ta namorando e eu estou chocado... a cada dia eu vejo que vou morrer sozinho,0
fiz uma licqo e ja to morrendo as respostas sao enormes vou me suicidar,0
meu deus leticia vc quer me matar????,0
"liguei o video game do boy cliquei no jogo dele sem querer e fiz merda , ele vai me matar kkk",0
"gustavo fez pra mim no paint em uma hr e agr to devendo pra ele 6 favores, essa escola vai me matar!!!",0
vou me matar,1
eu vou me matar,1
"te amo icon da menina que parece que vai me matar, te amo",0
vou me matar,1
"[kin] comigo. por sorte, mira queria me matar por ter vazado. mas com crianca nao se mexe, e minha indignacao falou mais alto.",0
sabe as vezes eu acho que um dia o louis vai me matar do coracao,0
"to cansada dessas crises que quase consegue fazer eu me matar todas as vezes que aparece, cansada de mim e de ter que ser forte p nao deixar ela aqui",1
acabei de ouvir um barulho no banheiro e parece ser de um bicho voador e grande que vai me matar,0
meu gato vai me matar de vergonha,0
hmm vontade de me matar,1
"namoral... essas aula de tarde vai me matar, mo vontade de tirar um cochilinho ate julho",0
irmao ! matheus vai me matar ja estou vendo,0
"maria luiza voce quer me matar , achei que era spoiler e ja tava chorando",0
"meu pai quer me matar de estresse, esse e o objetivo da vida dele",0
"agora um poema. ""o sol esta em touro a lua em escorpiao se isso nao me matar de tesao. eu nao morro mais nao."" fim. (coisas que saem da cabeca de baixo. tadzo,matteos 2021)",0
porque nada que eu planejo da certo ?? sera que se eu tentar me matar da errado tambem ??,1
querem me matar hoje,0
rick voce quer me matar do coracao,0
madison reyes voce quer me matar do coracao aaaa,0
a policia atras do ladrao no meu quintal e eu disse onde ele tinha entrado espero que ele nao seja solto e venha me matar,0
meu almoco: uma cenourakkkkk se a vo souber ela vai me matar,0
nao deixaram comida p mimcomeram tudo vou me matar,0
"o calor que ta hoje vai me matar juro, nem ficando pelada resolve kkkkkkk um sol na cabeca de cada cearense",0
"eu sou cardiaca e eu to com medo de morrer muito obrigada hanker, voces vao me matar",0
"minha mae quer me matar, passou inseticida em mim",0
"acabei de ver uma mina no tiktok defendo pessoas a comprarem pecas de roupas --virtuais--, ou seja, um efeito do insta eu vou me matar e vou levar essa rede social junto pqp",0
"e eu que fui compartilhar aquela bagaca do ""meu shampoo ta acabando"" achando que era creme e agora tem um monte de massagem dizendo para mim nao me matar  qqqq???",0
e segunda vez que eu vou para o hospital causa da ines da minha namorada ines a segunda vez uma com depressao e foi ontem que foi para o hospital cortei o dedo causa da ines o que estao a pedir-me em matar-me como tu portaste o pulso eu cortei um abraco agora quem me matar ines,0
esse velho quer me matar,0
"meu irmao nunca acreditara mas saiba que foi por amor crescera pra odiar e querer me matar e isso me traz dor e um dia ele se vingara e pra mim, sera um favor por finalmente me apagar do meu mundo tao sem cor",0
ela ta no auge da beleza billie eilish vai me matar de ansiedade que odioooooo,0
que e isso querem me matar hoje??????,0
"eu to so aquele audio ""eu amo seu estilo"" ""nao, para com isso, sua mae vai me matar, para""",0
essas fotos em antalya vieram pra terminar de me matar,0
ihihi falando de txt na aula povo deve ter querido me matar agora kkkkkkkkkkkkkkk,0
"saraaah, eu sou curiosa e vc vai me matar de tanta curiosidade kkkkkkkkk faz o favor de contar pra gente essa surpresa!! quando vc vai poder contar pra gente hein? amo vc!",0
err tem como dizer nao? porque eu nao quero ela e minha fav mas minha fav bem de longe de preferencia nao querendo me matar,0
minha enxaqueca hj vai me matar,0
"nao custa lembrar: ""vou me matar!"" nao e ""bom dia!"" ""que odio!"" nao e ""que lindo!"" seguidor de twitter nao e familia. pronto, indignacao postada com sucesso. sem sucesso, melhor dizendo.",0
vou me matar,1
as vezes eu acho que minha sinceridade ainda vai me matar,0
meu deus eu vou me matar.,1
meu siso ainda vai me matar. nao to aguentando de dor nessa coisa!,0
tio rick vai me matar kkkkkk,0
me inscrevi em uma palestra chata sem querer agora quero me matar,0
vou me matar,1
eu vou me matar,1
vou me matar,1
sim eu comi palmito dnv vcs estao chocados? estao bravos? vao me matar por isso?,0
eu nao sei se eu sou suficiente eu espero que eu consiga fazer ele feliz eu mao quero ver ele mal eu sou ijutil demais eu devia me matar,1
ai quase tive um treco agr kkkkkk ai esses processos seletivos ainda vai me matar,0
"o cliente que entra aqui na loja ja perguntando preco, falando coisas nada haver e certo de ter um atendimento bosta, porque quer me matar e a pessoa entrar e nao dar um bom dia, boa tarde ou boa noite, nao consigo atender de boa vontade de jeito nenhum",0
minha tpm vai me matar qualquer dia,0
"fudeu, fiz periodo grande dms e a prof vai me matar. to nem ai",0
"vontade d me matar eu vou ter amanha, 3 aula d fisica e so parar os fortes",0
se eu me matar podem linchar ele,0
peguei e quero me matar,1
no dia que eu for fazer endoscopia eu tenho que ficar 12 horas sem tomar agua... e eu tomo agua toda hora querem me matar de uma vez e?,0
vai ter gente querendo me matar agora crtz,0
quer me matar do coracao? carajo,0
"sim se vc responder com um emoji eles falam que vc ficou sem resposta mas na real e so preguica de responder sabe. e nessa publicacao era especificamente falando sobre a historia dele, outro dia foi um medio mandando eu me matar porque eu estava louca por gostar do gil e pesado amiga.",0
essa porra dessa colica vai me matar,0
colica um dia vai me matar ainda,0
"detalhe que ainda tenho que estudar pra o**. mais um motivo pra me matar, sai da sacada, harianne",0
esse homem quer me matar,0
"mainha vai me matar, mas irei morrer bonita ",0
vou me matar,1
eu vou e me matar brincandeira,0
meu deus eu quero me matar,1
billie eilish e louis tomlinson vao me matar ainda hoje!!,0
eu tava de boa ouvindo musica medieval ate que do nada toniiigh lets celebrate maldito now united quer me matar do coracao to quase assinando o yt premium so p nao ter que ouvir esses cara,0
[27/04/2021 14:05:58] matheus william: eu cujo nome esta na lista me comprometo a pagar o contrato kkkk coso contrario felipe vai me matar - felipe -dayse -cleyton -rafa -matheus -caio -junior -adisson castro vixi kkkkkkkkkkkkk,0
esse veio vai me matar do coracao,0
"eu lembrei disso porque hoje sonhei que ele tentava me matar e acordei tipo ""eta caralho""",0
"minha lei sob meu corpo (ai ja derivada a auto propriedade) e que nao podem me matar, se eu quisesse matar alguem eu teria que achar alguem que quer morrer (oq seria extremamente improvavel). essa misticidade de pactos sociais na verdade podem ser explicados em contratos individuais.",0
socorro!! vanessa quer me matar queimada,0
voce ta querendo me matar?,0
"indo pra 17 pagina do h.c (e ainda e o primeiro) e to cambaleando de sono. quero me matar? sim, 100%",0
essa duvida ainda vai me matar  so queria ter condicoes de fazer **** ****** ,0
eu vou me matar.,1
ela quer me matar so pode,0
"e eu achando que a super lua ia ser tranquilo, e agora quero matar alguem ou me matar",0
"uma ruiva veio ver o ap do lado, uma ruiva, eu vou e me matar se minha vizinha nao for uma ruiva",0
matheus deve querer me matar porque eu fiz ele comprar la tambem porque estava com muito desconto kkkkkkkkkkkkkkkkk,0
tudo bem(n esta nd bem a unica coisa que eu penso o dia tudo e sobre como me matar,1
leonardo ainda vai me matar com os peidos dele misericordia,0
eu nao quero me destacar eu quero nao me matar ate sair do ensino medio,0
cortando amizades pra que menos pessoas sofram quando eu me matar,1
se eu nao me matar a escola vai tmnc,0
eu nao estou me matando de votar mas na final eu vou me matar de votar pra tombar a jujuba,0
deus me livre kkkkk quero nem imaginar. minha mae vai me matar kkkk,0
me matar com desenhos?,0
"nem feliz nem triste apenas vivendo, porque se eu me matar meus pais ficam tristes",1
segui a giovanna sem wuerer ao inves de dar block eu quero me matar,0
esse povo quer me matar de ansiedade nao e possivel cr.,0
tem dia que eu acho que o vitinho vai me matar,0
se essa linha nao for com passe e nao tiver icone e borda eu vo me matar,0
so queria um lugar que faz tatuagem em menor namoeal vou me matar,0
quem vai me matar primeiro a sarah ou o bruno?,0
"to vendo presente p tuca e so coisa engracadinha consegue chamar minha atencao, brenda vai me matar. to achando melhor comprar pelucia",0
rinite vai me matar algum dia,0
vou me matar,1
por que voce quer me matar,0
"meudeus irmao nao to acreditando que o segundo album da billie existe msm e vai estar entre nos, vsf em meio a tanto caos um motivo p nao me matar",0
so de lembrar da vontade de me matar,0
"eu tenho a tdpm e fico em tempo de (me) matar. vei, ser mulher e dificil viu.",0
kd rafaela nao aguento mais a escola juro quando me matar,0
nao posso nem mais tomar banho de porta fechada porque minha mae acha que vou me matar por deus so piora,0
"will com um l pra mim deu, eu vou me matar",0
so tem eu no horario das 4 a talita vai me matar hj,0
ele quer me matar de ciumes mesmo e isso,0
mas esse inferno de notificacao do instagram vai me matar ainda,0
"eu vou me matar. nao sei com o que e nao sei de que maneira, mas eu vou me matar.",1
tentou me matar so porque eu quis ficar cm a bea???????!!!!!,0
ricardo vai me matar,0
"todo esse povo que faz ameacas no twitter e de uma coragem que me tira o sono. outro dia um puxou toda minha ficha na internet, falou que ia mandar gente vir aqui me matar, me mandou o endereco. to esperando o cara ate hoje, ja tem mais de ano. acho que ele esta vindo a pe.",0
facul vai me matar.,0
"quem chorou duas horas sem parar? sim eu, porque minha familia vai me matar com cada sintoma diferente que parece :x",0
"eu falando pra jesus que se eu me matar eu tenho que ir pro ceu, se nao meu avo vai me deserdar: jesus: i ala kdheoeveobd eu:jc eu nao to brincando",0
"era pra ser so 15 dias de quarentena, hoje eu arruinei absolutamente todos os meus relacionamentos e estou ha 1 passo de me matar",1
agr tem net em casa vou jogar lol ate eu me matar dando rage,0
"acho que estou emagrecendo mais, eu vou morrer e a minha mae vai me matar",0
me matar e deixar minha mae triste ou continuar vivendo sendo eu triste? eis a questao,1
a o trabalho ainda vai me matar,0
quer me matar e desmarcar coisa em cima da hora....,0
para de graca vai me matar,0
ela tentou me matar ja nao da pra confiar,0
quero me matar mas to bem sim e vc,1
peguei 6 na minha prova da faculdade vou me matar,0
"essa garota e psicopata, ela ainda vai me matar...",0
"se eu quiser falar de amor eu falo se eu quiser consumir tudo, eu consumo porque o que vai me matar sou eu, e nao essa vidinha chata",0
a passiva vai ser o feio que vai sofrer e morrer sozinho como toda passiva  serio? jurei que era o harry pois amei meu filho e muito tops mesmo,0
vou ali me matar,1
"nao entendi, vou me matar",1
"ohaaaaaaaaaaaa hanker e oficial real, foto no feed meu senhor nao consigo eles vai me matar",0
eu puxei meu pity certinho no simulador depois ver em quantas o zhongli vinha cara essa espera vai me matar,0
"madi mandou ir ver o tiktok, nao tem nada no tiktok, madison vc quer me matar",0
cortei meu cabelo e minha mae quer me matar e agr ?,0
voce vai me matar de amores hoje!!! eu tambem amo voce!!,0
mandei meu tcc 2h da manha (o prazo era ate meia noite) pedindo pelo amor de deus pra considerar mesmo depois do horario e agora to levando um vacuo do meu orientador thalles se vc quiser me matar me de um tiro que e menos doloroso,0
serio gente os comentarios do video eu vou me matar,0
mainha vai me matar quando souber que torei a corda tres meses depois de trocar,0
eles querem me matar que lindos e perfeitos,0
eu amo que quando coloco pra tocar minha mae fica meudeus filho vc quer me matar,0
nao aguento mais o professor falando da relacao frustrada dele. ja tem um mes no mesmo assunto. ele nao aceita que e chato pra caralho e vai morrer sozinho.,0
pelo amor d deus a ufg ainda vai me matar to falando serio,0
eu vou me matar,1
kerem enfiou a faca e hande acabou de me matar,0
hd quer me matar do coracao mesmo saporra,0
"irmao eu nunca maltratei minha mae com um puta medo de ficar com a pele toda marcada, se eu abrisse a boca na hr errada ela ia me matar",0
meu deus do ceu eu tenho trezentas coisas pra fazer hoje hanker voce quer me matar?????,0
"quer me matar e falar que renan e meu marido, ele e meu noivo!",0
"meu ai eterno, keren e hande acabaram de terminar de me matar com essas fotos perfeitas no feed",0
eu vou me matar,1
qro me matar vey,1
"meu deuuus, hanker voces vao me matar",0
lindo nem parece que queria me matar a dois minutos atras,0
das minhas calcas 1 ta na dudinha 1 nao da p usar p sair a tempos porque ta desbotada curta e agr rasgada 1 ta feia a mt tempo outra rasgou uma mais nova desprendeu um ngc la e nao da p arrumar 1 ta apertada uma tava muito larga sobram tres uma que minha mae quer me matar por ainda usar,0
eles vao me matar hojeeee,0
vou fazer uma thread de todas as vezes que fala que vai me matar ou que me odeia,0
acho que vou me matar,1
eles querem me matar,0
a hande postou tb. eles querem me matar. amooooo demaisssss,0
meu deus o pai vai me matar ,0
eu to rindo de nervoso minha mae vai me matar,0
estou indo me matar,1
"eu so lembro dele falando""o assassino falou que ia me matar e ela nao me avisou""",0
o que ta acontecendo tiraram o dia pra me matar porra,0
nao entendi vou me matar,1
meu deus eles vao me matar,0
meu deus eu lavei minha camisola 2 vezes e nao sai o cheiro do menino kkkkkkkkkkkkk eu vou me matar,0
me matar porque mds ???? fiz nada,0
eles vao me matar,0
aaaaa que odiooorr eu nao sei como fazer a pre inscricao vou me matar,0
eles querem me,0
quer me matar e ficar de mentira c minha cara,0
algum dia voce que vai me matar do coracao,0
o kerem quer me matar meu deuuuuuuuuusss!!!!!!!,0
handeeeeee vcs querem me matar hoje so pode ,0
"hande e kerem estao com a intencao de me matar, e oficial!",0
pra completar o cabelo ruivo da ygritte eu vou me matar,0
meu deus eles resolveram me matar,0
aaaahhh eles querem me matar,0
"eu to penando em seriamente em me matar, vai ser melhor bem melhor",1
"quer me matar e fazer algo contra minhas irmas, to passando mal de nervoso",0
"sim, e por quase me matar de amores",0
acho que meu pai vai me matar kkkkkk,0
a legenda outa qje pariu kerem tu quer me matar,0
"sem papas na lingua nao me calo nao me acalmo vao se foder, seus babacas de merda! tentaram me matar tentaram me destruir de forma com que eu ficasse quieta com que eu nao denunciasse sobrevivente essa e a palavra e isso o que eu sou sobrevivente.",0
educacao fisica em faculdade eu prefiro me matar,0
eles vao me matar,0
eu quero me matar,1
nao tem absolutamente nada nesse mundo que me deixa mais fraca do que ela usando moletom eu to sem estrutura jogada no chao com essa calca de moletom e jaqueta jeans o objetivo era me matar lisa? parabens conseguiu.,0
"a ju super fofa e preocupada deu ter tirado 1/5 em quimica b mas eu to bem fds, nao vai me matar e eu nao to ligando",0
"eu faco tudo, agora quer me matar e lavar roupa, botar no arame e dobrar",0
a ray deu orgulho e preconceito pra ela cheio de anotacoes e pra me matar &gt;uma carta&lt;,0
no meio do oceano com uma canoa e apenas nos dois... perfeito esse homem quer me matar????,0
uma vez eu sonhei que meu pai tentava me matar,0
"a billie vai me matar, certeza",0
eu tava estudando kerem voce quer me matar?????,0
querendo me matar alefina vey kkkkkkk,0
odeio minha vida quero me matar eu nao sou capaz de ajudar ninguem eu sou um lixo humano que merece morrer sozinha,1
minha memoria olfativa ainda vai me matar,0
meu pai quer me matar intoxicada,0
marina se que me matar postando isso,0
the b voce quer me matar do coracao,0
o fone na verdade eh da minha mae que eu peguei porque o meu estragou ela vai me matar nunca mais vou ter um fone,0
ultima coisa que pode me matar e o cancer,0
imagina me matar de brigar por participante de reality show pra continuar pobre?,0
sarah ainda vai me matar de curiosidade,0
kerem bursin voce quer me matar?????,0
quer me matar de odio: interrompe o que eu tava falando em algum grupo. exemplo: to contando uma historia / puxei um assunto e vem um infeliz e fala algo no meio. o odio que me da,0
essa internet vai me matar de raiva,0
juro hj vai ter gangue dos segredos eu to prestes a me matar,0
irmao eu vou me matar nao creio que o cachorro do oliver morreu,0
e se eu me matar,1
vou me matar,1
qual o problema? vai me matar? nao gosto mesmo onca feia do krl,0
meu deus menino se vai me matar nuuuuuuuu,0
vao me matar,0
essa mulher ainda vai me matar qlqr dia desses que treino de perna e esse meu deus do ceu???,0
me deu uma puta vontade de me matar,1
a tchize vai me matar vou abrir um fa club vem so me explicar bem!!!!,0
"hmm, esse nao parece que tem um espirito obsessor querendo me matar, vamo",0
eu nao quero mais viver,1
"babe??,( quer me matar cara pelo amor de deus",0
essa mulher vai me matar,0
ele fica bem melhor sem mim,1
"amiga ate vai, agora quer me matar de raiva e que eu acho a pura falsidade (peguei trauma porque uma mina nao gostava de mim e me chamava assim) e chamar de: nega, amore e flor pqp",0
"foi com 18 anos na vespera do natal, eu estava bem cansado de viver uma mentir ai me deu um surto de 5min, juntei todos da minha familia e falei kkkkk hoje eu dou risada, mas no dia eu chorei muito no fim eles nao aceitaram... escutei palavras que eu jamais deverias escutar.",0
combinei com o meu melhor amg se ficarmos velhos e sem ninguem vamos nos casar pra gente nao morrer sozinho,0
"aqui lembrando o dia que um motoqueiro arranhou o carro na sinaleira fechada cheguei em casa chorando achando que o xande ia me matar ele disse ""foi nada"" e me abracou kkkkkkkkkk",0
vc nao vai me matar ne?,0
"minha mae vai me matar, como smp fazendo merda atras de merda kkkkkk",0
vou me matar juro,1
"o eu falo que o arb me odeia e qr me matar ngm acredita isso era pra ser com voz, mas saiu veneno. ele qr me envenenar glr posso nem ouvir os maluco flr",0
caraleoooooooooooooo eu so quero dormir e ler e tomar cha eu nao quero mais viver com altos niveis de produtividade durante uma pandemia trabalhando presencialmente e eu nem sei se me vacino,0
"voce quis foi me matar do coracao, com um melhor amigo desses precisa de inimigo?",0
essa colica vai me matar,0
o marcelo eh mt chato vou me matar,0
meu namorado da academia veio todo de preto ai quer me matar ne ,0
ehhh e pra melhorar vou no medico hoje e preciso da minha identidade minha mae vai me matar ? sim ou claro,0
"se(eu me matar) escreva(""foi cedo"") senao(eu viver) escreva(""morre praga"")",0
que me matar e me chamar de querida,0
nossa vsf meu pai arrumando namorado pra mim eu vo me matar,0
minha mae vai me matar quando ver o quanto eu ja gastei,0
"pensei que a panela de pressao ia explodir e me matar, agora vou ficar igual uma idiota limpando a sujeira que eu fiz. um otimo dia pra mim",0
os adm da camilla nao se posicionaram nem quando os aliados dela estavam no paredao agora eu vou me matar pra salvar??? sou mas voces que se matem ai,0
quer me matar?,0
vi um spoiler de boku no hero agora quero me matar,0
indo me matar,1
gente eu to ouvindo tu tu tu na minha cabeca isso e um sinal que tem um demonio vindo me matar eu vou chorar,0
to a cinco passos de me matar,1
juro essas criancas vao me matar,0
minhas amigas vao me matar mas vou fazer memso assim,0
ai essa minha sindrome de amanda bynes ainda vai me matar,0
eu vou me matar pqp,1
"eu nao aguento mais os professores falando que comecou o segundo bimestre, isso e oq ? uma forma de me matar ??",0
por isso que eu sou sua amiga cara!!! quer me matar e ficar puto comigo e nao dizer porque,0
como saber se meu gato quer me matar?  ele te encoraja a sair de casa sem mascra,0
eu juro que a billie vai me matar do coracao,0
a malina ta namorando eu vou me matar,0
acabei de escrever que a crianca judaica so queria passar o natal com sua familia. eu quero me matar serio nao sirvo pra isso,0
"ele pelo visto fez muita confusao. adoro quando eles sao fofos com a gente da clinica, porque ja perdi as contas de quantos gatos ja tentaram me matar",0
ele eh tao lindo vo me matar,0
"louise maria jose, mulher vc quer me matar. poxa vida amiga nao tava preparada.",0
nao gente eu nao vou me matar calma,0
"minha mae vai me matar se ela souber que acordou 5h da manha pra fazer um cuscuz pra ele levar pro trabalho, eu levei e nao comi ta voltando pra casa do mesmo jeito ",0
vou me matar,1
"e igual ao da vida real, o da serie ja deveria estar morto faz mt tempo",0
queria me matar,1
caralho cara o gabriel vai me matar do coracao ainda pqp,0
tu quer me matar mulherrrr vem clipe,0
gustavo mioto vai me matar.,0
minha mae que me matar de fomeeeee,0
"passei a nmr dela pra um macho e ele ta la enchendo o saco dela no wpp, mandou um tanto de audio aq falando que vai me matar kkkkkkkkkkkkkkkkkkkkkk",0
"ideacao suicida e pensamentos de morte nao sao responsabilidade de ninguem, e um sintoma de uma doenca (depressao, ansiedade, etc) que precisa de ajuda medica nao deixe ninguem te manipular com ""eu vou me matar por sua causa"", ninguem causa a dor desse pensamento",0
ju elas querem me matar desse jeito nao e possivel,0
so um video do maicon e do kotaka pra me alegrar enquanto eu almoco meu frango grelhado que eu queimei a panela inteira pra fazer e mainha vai me matar e de bonus perdendo a aula de quimica porque fui lerda e achei que tava adiantada no horario mds que odio,0
"um apostolo que sugeriu me matar ao inves de levar as pessoas pro mal caminho (dizer que elas podem ser lgbt e ta tudo bem), acaba de me ligar e convidar pra um bate papo com ele numa radio da cidade! topei porque eu to com pouco problema pra resolver.",0
"mamae tentou me matar hj,e e isso",0
nkkkkkkkkkkkkkkkkk slk vai que vc quer me matar,0
e eu que acabei de quebrar um copo e dois pratos de uma vez e minha mae vai me matar,0
minha mae falando pra fazer miojo dois dias seguidos ela quer me matar sim ou claro?,0
"nao faz isso comigo dona quais temporadas? a 7a temporada tambem vai ficar disponivel? quer me matar de ansiedade, nao vou conseguir esperar ate sabado.",0
tentaram me matar nas esqueceram que eu ja to morto,1
"se eu fizer isso pode me bater, ele acumulando , jhonne vai me matar na porrada e nem e meme kkkkkk block",0
"comprei um tipo esse pra minha sobrinha no shopee. ela ta a duas semanas andando cm o microfone pra cima e pra baixo e minha irma quer me matar. enfim,otimo investimento!kkkkkk",0
meu deus do ceu que odio quero me matar porque meu pai inventou de baixar telegram caralho nao tenho paz nessa buceta nunca na minha vida,0
"simmm, e eu achei normal os surtos de raiva dele, tipo toda a pressao pra cima dele e ainda com gente cobrando ele. slc se eu fico sabendo que o voldemort quer me matar e que eu sou uma das horcrux eu estaria batendo com a minha cabeca na parede",0
minha mulhe quer me matar eu tenh ctza,0
"que odio posso nem ignorar meu pai que o infeliz e fofo, agr eu quero me matar por ser tao ingrata",0
"todo dia aquela pergunta "" e se eu trancasse a faculdade?"" ai eu lembro que meus pais iriam me matar",0
vai me matar?,0
eu poderia cair no soco com boninho por ele ter inventado essa merda de bbb com mais tempo que o normal vc quer me matar de odio????,0
nossa vou me matar,1
essa menina quer me matar,0
maneiras de me matar google pesquisar,1
meu deus kakakakakakaka isso me lembrou o dia que a menina veio falar putaria cmg e falando que tava apaixonada em outra menina e que nao sei oq e pediu pra eu ensinar ela a chupar bct????? e do nada um audio do pai dela surtando falando que ia me matar,0
essa mulher vai me matar do coracao,0
"o tempo, colabore ai, a ansiedade pra ver o rostinho do meu bayby vai me matar. ",0
eu to com uma vontade de me matar que delicia,1
e vai me matar junto ,0
g- qualquer coisa pode me matar amigo mas tenho que contar... e seu filho o foi beijado pela ...se eles nao estao namorando eu nao sei oque e isso,0
ninguem pode me matar... porque eu ja morri aqui :/,1
vou fazer um curso apenas lendo suas postagens kkkkkk e depois vou me candidatar a vereador kkkkk ops aqui no rj nao da vao me matar antes aqui e foda kkkkkk,0
minhas colicas vem pra me matar,0
muier voce quer me matar ?,0
eu vou aproveitar e vou me matar,1
mainhaaaaaa vc quer me matar do coracao,0
sos minha namorada disse que vai me matar porque eu nao dou um filho pra ela 190,0
"eu sou os dois, quero me matar",1
"essa noite sonhei que os traficantes da minha cidade estavam me perseguindo, pra me matar ... foi tipo filme de acao e ate a hora que eu acordei tava viva ainda",0
comeco o meu dia entrando no twitter e dou de cara com ela tentando me matar.,0
eu to doida pra fazer tatuagem e meu pai ta doido pra me matar se eu fizer,0
nao eh possivel que vou ter que comer fermento por 5 dias. a faculdade quer literalmente me matar eh isso?,0
"engracado que pra ganhar 1kg eu preciso me matar, mas sentei perdi 3",0
vou me matar o biden ta pedindo,0
"oi gnt,vou me matar.",1
tao inutil que nem p me matar eu sirvo,1
eu troco a minha letra a cada mes entao fica meio confuso mas atualmente com letra minuscula mesmo minha mae querendo me matar,0
vou me matar thiagu,1
""" eu nao sabia mais o que fazer. entao, agora, aqui estou, meu orgulho jogado pela privada, esperando que eu possa ficar no refugio de solteiro do novo namorado da minha ex-namorada, e quero me matar."" kkkkkkkkkkkkkkkkkkk",0
serio a beatriz vai me matar irmao akkakakakakakkakakakkakakakakkakaka,0
carol vai me matar sufocada com esse perfume,0
nossa imagina ter que lidar com um neoliberal todo dia meu deus kkkk eu reclamando da vida e ele soltando discurso de coach eu ia me matar,0
vou me matar,1
"vou comecar a ficar meio off aqui porque vou me matar de estudar pra concurso publico fml, a uniter precisa de emprego tambem",0
para de me matar eu to morrendo,0
a julhia vai me matar gente kkkkkkkkk,0
"as vezes tenho uma vontade absurda de me matar de uma vez pra ver se ela pelo menos comeca a tratar as outras pessoas direito, nem que morra de remorso depois eu to pouco me fudendo",0
"sonhei que eu tentava me matar e que minha mae estava internada, obrigada sonho, vc me tranquiliza tanto",0
naoo e credo bubu ta doidinhoo e?!? vai me matar de boiolice sua avisa,0
voce sabe a minha realidade pra saber se nao vai me matar? lixo humano,0
me matar  me fazer sair com o cabelo molhado,0
"eu odeio quando o livro da todas as dicas pra mc sobre quem o vilao e, todo mundo sabe e a bicha fica "" nossa, quem sera que ta tentando me matar? "" nao sabe como bicha ??",0
nossa amizade nunca mais foi a mesma depois que voce tentou me matar - rita lee,0
o jinie quer me matar de sdds,0
"champions league, libertadores e bbb. se isso nao e um dia bom, pode me matar. me levem embora.",0
"hoje eu fiquei por aqui mais que o normal, bora estudar e kie. beijos pra minha tl que hj so faltou me matar de tanto que me fez rir.",0
a lara me achou no tik tok vou me matar,0
o cara mandou eu me matar,0
essas mina nao se coloca no lugar de ficante cara vao me juntar pra me matar kkkkkkkkkk,0
quer me matar do coracao? eu ja tava surtando que eu tinha cheagdo cedo no tweet do lou,0
primeiro dia de invitational os cara ja mete faze x liquid quer me matar do coracao caraio,0
"comecei greys dnv, e minha irma quer me matar kakakak ja e a 6o vez",0
"na epoca meu primo havia sido arrancado do armario e estava depre por causa disso, no mesmo mes havia lancado a 1a temp de 13 reasons why. minha mae juntou esses acontecimentos e deduziu que eu queria me matar (?), viajou de ro pro pr so pra eu me assumir de forma suave kkk",0
meu pai ta querendo me matar hoje,0
"que vontade de me matar pqp e quem colocou valor foi o estado, com o curso forcado, nao a gente",0
"essa dor de ouvido vai me matar, pero amor de deus",0
"hahahaa eu tenho uma hernia na lombar desde 2012, de tempos em tempos ela tenta me matar",0
vao me matar,0
pqp muie vc quer me matar,0
billie eilish vc quer me matar?????,0
se me mandam uma proposta dessa eu vou na hora! se o sheik me der 5 ou 10 mil por dia: top! se o sheik me matar: top!,0
nossa um dia essa mulher vai me matar,0
pare de dizer que nao me ama que nao vai voltar que eu nao sou e nem serei mais dono do seu coracao que nao ta nem ai pra mim com quem fico o que eu faco que eu posso ate me matar nao vem agora me dizer que todo amor e flores plantamos ja morreram no nosso jardim por isso eu..,0
pensando seriamente em me matar,1
o niall ainda vai me matar algum dia serio,0
meu pai quer que eu ja volte pra academia nao sei nao esse homem parece estar querendo me matar,0
"o questionamento e oq sera que vai me matar hj, a colica ou a dor de dente??????????",0
oq rolou na lista de espera da uff meu deus vou me matar,0
"flavio tem que mostrar que ele nao estar morto. essa e a sua chance. ha, ele e tao quanto ao pai, nas retoricas. o circo vai bommm.",0
"billie pra que isso cara, precisava me matar nao",0
"quando as meninas do xenomafia souber, elas vao me matar",0
realmente vou me matar num futuro proximo,1
"manoooo eu tenho uma avaliacao final pra fazer, so que fui fazer essa atividade e tirei nota baixa to ferrada. to com medo, meus pais vao me matar tenho ate amanha pra fazer essa merda e tem um monte gente reclamando do brainly.",0
ai que odio eu vou me matar deus me leva eu cansei dessa vida patetica na terra,1
geninhos vao me matar de ansiedade,0
eu vou me matar to avisando,1
"ai que odio quando eu elogio suas coisas vc ignora minha existencia mas quando critico vc ve eu vou me matar, era meme ivina esses desenhos sao maravilhosos pfvr nao deixa seus fas me atacarem",0
ja apareceu aaron pai de menina umas tres vezes hoje na minha timeline vcs tao querendo me matar,0
meu presente de aniversario e meu pai me matar de fome esperando ele p almocar,0
o sal vai me matar,0
depois so falta me matar na dm!!,0
estou com saudades /dela/ mas certeza que se eu falasse com /ela/ ela e =ela= iam me matar,0
"crl eu nunca vi um cara falar tanta merda quanto esse maluco do coach quantico, parei na metade se nao vou me matar",0
"minha mae vai me matar, que odio",0
"se quando ela viesse estaquia ele , ele desse uma madeirada nela , nao ia tomar uma facada, mane resolver na cnvs com a mina com um faca tentando me matar slc kkkkkkkkkkk",0
minha vo ta fritando peixe vou me matar que fedo,0
ai amiga ce acabou de me matar,0
beatriz tu ainda vai me matar olha wue coisa linda mds eu to chorando,0
se brinca de escorrega por que pode me matar???,0
vou me matar,1
"14 dias pra fazer 8 provas com 26 questoes cada uma que odio da organizacao da escola, eu to tentando o meu maximo mas tambem nao vou me matar de estudar ate porque eu tenho coisas pra fazer, nao vivo so pra estudar nao",0
kagiura aoaixonado pelo hirano mas ele nao sabe bem como o amor funciona e ele vai descobrindo isso conforme os sentimentos dele crescem e eu to triste quero me matar nunca vou viver isso,0
"a existencia esta superestimada de qualquer maneira 50 anos depois, eles nao se lembrarao de voce estar morto",0
"vcs vao me matar de ansiedade, atualiza esse ordenamento logo",0
camila tirou o dia pra me matar,0
boa tarde povo estou sumida por motivos de a faculdade quer me matar,0
a billie so vai lancar o album dia 30 de julho e ate la minha ansiedade vai me matar,0
pra minha melhor amiga me matar,0
amg odeio esta missao vou me matar,0
minha mae vai me matar quem amou,0
minha inseguranca e meu orgulho vao me matar,0
deixei minha capinha de molho no negocio por 12h e continua amarela vou me matar,0
"eu sinto sua falta mas voce esta 100000 vezes melhor sem mim, e isso tira o peso na consciencia de ter te deixado ir embora md",0
"ne foda? agora eu tenho que me matar por quem nunca moveu um dedo pela minha torcida, evitava postar coisa do gil quando ele tava queimado, nem comentava ou respondia os posts oficiais? e bonito demais isso, me poupe",0
"manoooo vou me matar de tanto farmar dima, mas eu pego aquele punho vtmnc, skin linda da porra (eu so quero aqle punho )",0
"floki pulou o muro, esse cachorro vai me matar um dia",0
a julia escutando meu audio com o mic da aula aberto eu voy me matar,0
shawn e camila tiraram a semana pra me matar,0
essa menina uma hora vai me matar do coracao,0
"a intencao era me matar? porque se era, conseguiu! ",0
mas a minha mae vai me matar,0
"o hino da esquerda ibis meu caminho e de pedra, como posso sonhar sonho feito de brisa, vento vem terminar vou fechar o meu pranto, vou querer me matar",0
eu to sozinha em casa e eu tava no banho que o carteiro chegou quis me matar por um momento,0
o dia que o fiori me matar 1 vez no mid eu desinstalo o jogo,0
minha mae vai me matar kkkkkk,0
//quando tu me matar bota essa no enterro!,0
"mas ai que e bom, vc paga por um ano depois nao precisa mais porque todo mundo ja vai estar morto mesmo",0
"me arrancaram um diu com tudo, e deixaram entalado no colo, tive que tirar cirurgicamente. nem ""um desculpe o mau jeito"" me foi dito... me receitaram hormonios que podiam me matar, so porque sim, 3x mesmo eu dizendo que eu nao podia tomar.",0
cansado de viver nesse lugar imundo,1
"eu pedi pra deus um presentinho e olha qm ta segurando minha mao, depressao, ansiedade, disturbios mentais, tristeza, tesao, atividade acumulada, vontade de me matar, cansado,dor,traumas, insonia,baixa autoestima,entre outros",1
"tu que vai me matar, assassina",0
"e hj que minha sinceridade vai me matar, to ate vendo",0
a curiosidade de querer saber das coisas ainda vai me matar de ansia ou fomentar insegurancas dlque tambem me matam ,0
"as coisas so aparece pra me destruir, vontade de me matar",1
a mae vai me matar,0
"que inferno, ela trancou o perfil acabou de me matar. quero saber das fofoca",0
esses sonhos um dia ainda vao me matar,0
me ressucitava so pra me matar,0
"todo dia mandam os e-mails na parte da manha, hoje que chegou o dia tao esperado da resposta, nada ainda. querem me matar de ansiedade mesmo.",0
acaraljo minha mae vai me matar,0
vou me matar,1
eu vim antes que vc viesse p sp so pra me matar kkkkkkkkkk,0
"sou a cara de meu pai, vou morrer sozinho com meu rancor, igual a ele",0
vou me matar,1
"toda vez que eu dava uma gargalhada. e dizia que ia me matar. ele entrou no metro que ja tinha saido. eu moderei nas minhas gargalhadas em publico so por conta disso. eu olhei rapido pra esse senhor em um momento e ele tava com muita raiva e agitado, mas nao desconfiei que fosse comigo",0
billie vai me matar de ansiedade,0
nem pensar... prefiro me matar de malhar na academia que entrar na faca,0
hoje a rosalinda quer me matar com a beleza dela,0
to fazendo cafe cremoso se der errado minha mae vai me matar,0
pensei em me matar mas lembrei que no inferno nao tem cerveja e desisti kkkk,0
bia vai me matar se eu nao fizer essas figurinha hoje,0
eu vou me matar todos os caras que sou fa flertando na minha frente,0
"toda vez que eu dava uma gargalhada. e dizia que ia me matar. ele entrou no metro que ja tinha saido. eu moderei nas minhas gargalhadas em publico so por conta disso. eu olhei rapido pra esse senhor em um momento e ele tava com muita raiva e agitado, mas nao desconfiei que fosse comigo",0
e vc ter dado risada ao inves de querer me matar foi o melhor,0
eu fazendo piada durante a aula de espanhol e minha amiga querendo me matar  sou muito madura mesmo,0
ele com arminha pronto pra me matar ,0
garota pelo amor de deus vc quer me matar,0
"vao tentar derrubar, que e pra me ver crescer; e as vezes me matar que e pra eu renascer; como uma supernova que atravessa o ar; eu sou a mare viva, se entrar vai se afogar ",0
toda vez que eu lembro que nao mergulhei nesse lugar pra nao estragar minha chapinha durante a viagem eu tenho vontade d me matar,0
irmao eu quero me matar eu sou muito burra eu vou morrer,1
"eu vou ter que esperar ate 20:30 pra poder ouvir esse album novo da duda beat, minha ansiedade vai me matar ate la",0
essa colica vai me matar,0
"assim consegui 4 cachorros, e minha vo querendo me matar",0
a carencia vai me matar um dia,0
acho que vou cometer suicidio falta isso aqui ,1
eu odeio colica vou me matar,0
final de periodo porque queres me matar??????????????,0
o e tao burro jogando zelda que da vontade de me matar,0
45 questoes???? quer me matar professora??,0
samuel vou me matar se ela colocar essa bomba no album,0
minha garganta parece que quer me matar,0
"povo e bom pra pedir dinheiro emprestado pra pagar e a briga e se tu vai cobrar ainda fica puto, tenho dois filhos que se eu deixo sem comer falta me matar",0
de novo eu sonhando com perseguicao meu deeeee nao aguento mais o povo querendo me matar,0
falei pra minha mae que quando comecar a trabalhar vou querer um iphone e ela ja quer me matar,0
essa professora quer me matar,0
o veii eu derrubei um copo de suco de maracuja na cadeira e no tapete.qual a chance de minha mae me matar?,0
eu fui levantar do sofa meu deus minhas vostas vao me matar,0
se eu me matar a culpa vai ser sua beatriz,0
"depende, ate umas semanas atras, eu nao conseguia dormir com os meus funkos na estante, tinha que guardar, mas nao porque eu achava que eles iriam me matar, mas porque e como um incomodo, sabe? seria a mesma coisa se tivesse um manequim no meu quarto, por exemplo",0
eu vou cometer suicidio!!!!!,1
"vou comer a vasilha de salpicao todinha kkkkk,minha mae vai me matar",0
ah nao voces querem me matar,0
minha mae me deu spoiler de sombra e ossos eu vou me matar,0
eu vou me matar,1
se alguem quiser me matar saiba que ja estou morta... de cansada,0
"seu namo vai me matar kkkjjk, isso sim",0
"a hallana ainda vai me matar de rir qualquer dia desses, e tenho dito. porra!",0
"sim, amigos brasileiros, nos ganhamos!!! a billie ainda vai me matar do coracao um dia",0
to fudida pqp minha mae vai me matar hj,0
eu nao quero mais viver meu deus eu nao aguento mais,1
vao me matar derrubar minha conta,0
minha dentista deve ta com vontade de me matar porque ja remarquei a extracao do meu dente 3 x,0
so faco merda vou me matar,1
ai meu vo que me matar do coracao outro susto desse e acho que guento mais nao,0
elas estao juntas no dormitorio eu quero me matar.,0
eu ontem: vou me matar sem zueira eu hj: krlh que vida incrivel mo paz,0
muito boa essa sinto vontade de me matar toda vez,1
"nao consigo me concentrar em nada, pois so penso em transar cm minha namorada que vai me matar quando ver esse tweet, mas nem ligo",0
a billie quer me matar do coracao,0
sonhei que tava em guerra com os ballas no gta eles me perseguindo pra me matar foi loco esse dia,0
"nao sei como respiraaa, ela vai me matar um dia pqp happier than ever+billie",0
o que essa gostosa ta fazendo com vc donghyuk eu vou me matar,0
"a lys ainda vai me matar do coracao, cheguei a passar mal que coisa bem seria essa branquela",0
essa billie eilish vai me matar um dia,0
"amg, voce quer me matar?",0
alexa toca vou morrer sozinho by jao,0
billie voce vai me matar,0
"odeio quando eu perco o botao de ""tweets recentes"" e tenho que subir um caralho de coisa vou me matar.",0
sinto que o arthur tem vontade de me matar cada vez que abro a boca pra falar de algum mlk,0
meu deus esse torcicolo vai me matar de tanta dor,0
ain minha nutri vai me matar a nutri: ,0
minha mae falava meia duzia e eu levava doze ovos pra casa faltava me matar heusheus,0
antes nego queria me matar e tudo kkkkkkkkkkkk,0
peticao pro nao me matar: - gio,0
quer me matar e .,0
fodase vou me matar,1
leticia quer me matar do coracao,0
"quer me matar? e se atrasar em algum compromisso comigo, eu falto morrer!",0
essa dor de cabeca vai me matar,0
essa mulher vai me matar ainda pqp,0
"nao eh superioridade nao, eh minha gastrite mesmo que so falta me matar",0
nao fritei o ovo direito e a gema ficou mole por dentro eu quero me matar eu comi gema mole eu me odeio,0
a minha falta me matar,0
quer me matar ne,0
"que vontade de me matar logo, nao aguento mais",1
que isso minha playlist so propondo kpop ballad quer me matar,0
vou me matar,1
essa mulher vai me matar,0
minha mae gai me matar pra que que eu fui abrir a boca,0
billie eilish por que 3 mesessss voce quer me matar?,0
sera que ela ta querendo me ensinar ou me matar? rsrs,0
aula acabou mais tarde porque minha sala infantil tava levando sermao e eu perdi a live da tina vou me matar!!!!!!!!!,0
eu vou me matar,1
ai vc quer me matar de indecisao mskskssk,0
vou me matar,1
"um dia o orgulho que eu sinto de voce vai me matar, pela sua capacidade de se reinventar, seus sonhos sao tao palpaveis por conta da forca de vontade que coloca neles, que todo mundo que te ouve falar consegue enxergar voce la um dia. eu torco tanto por voce, pela sua felicidade,",0
ela vai me matar de anciedade como amo essa fic,0
esse ai vai morrer sozinho se continuar nisso,0
o universo quer me matar mas nao faz um carinho nao paga um jantar nao manda audio do filtro labial foda isso,0
mds meu primo ainda vai me matar do coracao,0
ldbqorqohrqohe ela nao chegou a me matar mas ficou me atazanando a partida inteira com a porra da ult dela,0
"meu padrasto vai me matar de fome. ele quer comer feijoada e ainda nao vou comprar as coisas, nao vamos almocar hoje, vamos jantar apenas",0
vou cometer suicidio egoista,1
tentei me matar mas esqueci que tenho 7 vidas affff que saco,0
omg eh album billie vc vai me matar do coracao mulher,0
mais um dia comecando mal; deixei cair o perfume favorito da minha mae. ela vai me matar.,0
meu deus a billie vai me matar,0
meu pai vai me matar pelo amor de deus porque eu fui falar aquilo agr a satisfacao passou,0
"daqui a pouco a naclara vai querer me matar, mas ela que lute ",0
essa menstruacao vai me matar,0
"essa ansiedade ainda vai me matar, senhorr",0
billie vc vai me matar,0
bossa nova billie eilish vc vai me matar mulher,0
"obvio que quando o assunto ressuscita nao e bom, aumenta hate e etc, mas pqp, completamente desproporcional esse surto. tem fa que o coracao nao aguenta caralho, vcs querem me matar?!",0
eu apaguei o kogo dem querer vou me matar,0
eu quero me matar,1
"hoje e meu fim, certeza, a colica vai me matar",0
vontade de me matar,1
deus me livre ficar sem meu amor tu ainda vai me matar do coracao fdp,0
minha perna ta tremendo muito meu deus essa billie ainda vai me matar,0
aulas vao me matar,0
me falou pra ser paciente e calmo porque vao querer me matar na unha e cara ta muito certo,0
"o cara me confundiu com meu irmao, devo me matar?????",0
"minha gata so falta me matar, e porque ela nao sabe empunhar uma faca",0
"meu celular pegou fogo, socorrooo. minha mae vai me matar",0
gente o moco botou uma pelicula horrive no meu celular vou me matar,0
tem uma mjna que trabalha cmg que ta tentando me matar desde o inicio da pandemia tava com covid nao falou nada depois o namorado tava com covid ela nao falou nada agr o irmao que mora com ela tava com covid e advinha??? nao falou nada,0
eu vou me matar de todas as formas que eu encontrar,1
meus vhope eles sao meu tudo eles ainda vao me matar de amor eu to morrendo de saudade desses dois,0
eu falo sobre me matar no twitter tem 30 anos eu nao aguento mais falar falar falar e nao fazer eu nao mudo eu to tentando tudo que da pra mudar mas nao consigo entao assim qual o sentido disso tudo,1
essa demora ainda vai me matar de ansiedade aaaaaaa,0
eu terminei tear de prata e so tenho uma coisa a dizer: a autora quer me matar de tristeza.,0
eu vou me matar,1
"como diria a manu, se minha intensidade ainda for me matar, eu prefiro ser poesia e ter historias pra contar",0
"to achando meu perfil estranho, quero me matar",0
"agr eu tenho um cartao lindo no nome da minha mae, esperando ela chegar em casa pra me matar ",0
"eu quero que camila fique, estou votando um pouco, agora me matar em votacao so quando juliette tiver.",0
jesper e o personagem mais chato e inutil da serie ele aparece em cena eu quero me matar,0
my future no album vou me matar fracasso ja pode cancelar essa era,0
"prende ele oh, ele tentou me matar, sorte que eu desviei",0
"fui comprar um kilo de carne de sol e deu 44 conto, pensei que o cara tinha me enrolado e a conceica ia me matar, mas a porra do preco e esse mesmo 44 fuckings reais em um kilo de carne de sol",0
tao tentando me matar no trabalho... ar condicionado gelado do caralho,0
"se o ator que fizer o nikolai for tao carismatico e charmoso quanto o ben e ter tanta quimica com jessie quanto ele, malina vai estar morto feat enterrado. e entao leigh vai ter que largar seu orgulho e admitir que errou ou vai cometer o mesmo erro duas vezes.",0
quer me matar e visualizar e nao me responde ,0
aaaaaa rosinha cuidado pra nao me matar do coracao,0
hmm vontade de me matar,1
eu tenho depressao e vou me matar em breve,1
olhando minha nova plataforma de treino e meu deus a tabatha vai me matar,0
a gente vai ta de ferias meus deus eu viu me matar que esse dia chegue logo,0
hj to suave so pensei em me matar 228 vezes,1
tomara que eu nao tenha vizinhos bolsonaristas que vao tentar me matar depois de me ouvir gritando,0
"vou me matar, quem apoia?",1
"eu amo o oceano, nao ligo se tem bicho esquisito e que poderia me matar eu nao consigo nao amar o oceano",0
pessoa: me encara eu: encaro de volta pessoa: continua me encarando eu: fudeu vai me matar crtz,0
nao gente nao e possivel eu vou me matar,1
"a regina pra tinker bell quando caiu da varanda foi tipo ""eu nao tentei me matar, mas se eu tivesse morrido tava mais que otimo""",0
irmao eu vou me matar,1
essa colica um dia ainda vai me matar,0
"eu nao acredito no que eu fiiiz, minha mae vai me matar",0
"alguem sabotou o prego que tava segurando o relogio, tentaram me matar tenho certeza",0
a faculdade ainda vai me matar de odio ou ansiedade,0
"oi, vc ta qrendo me matar e isso?",0
se um dia a velocidade me matar saiba que morri sorrindo paul walker,0
legitimamente engatilhado ao ver isso porque sonhei que tava dirigindo um carro da nintendo e o mario tentou me matar cortando a transmissao dos freios,0
e a pro vida do tik tok que acabou de mandar eu me matar,0
quer me matar eh pedir p ficar em call,0
essas minhas dores um dia ainda vao me matar vei ,0
billie minha filha quer me matar do coracao?????? pois matou.,0
eu vou me matar,1
caralho billie voce quer me matar ?????,0
que vontade de me matar serio,1
"vou encher o cu de trago e fazer loucurada com um bruxo meu, eu e ele sem carteira no carro do meu primo... vou correr o risco de matar alguem ou me matar e depois vou pedir dinheiro pra ajudar na minha cagada. algum amigo pra fechar comigo nessa aventura?",0
se isso e estar morto meus amores,0
quanto eu tenho que pagar pra alguem me matar?,1
to vendo o produce 101 e meu deus do ceu eu ia me matar se a kahi falasse assim comigo na frente de todo mundo kk,0
vou me matar,1
essa tristeza ainda vai me matar,1
nossa eu vou me matar,1
esse livro vai me matar de vergonha alheia,0
eu te amo billie mas vc vai me matar de ansiedade,0
esse tipo de tweet no horario do almoco cheio de fome ainda vai me matar um dia,0
"pai vai me matar, real",0
a porra do meu coracao quer me matar,0
essa dor no estomago e essa coceira vai me matar,0
"quer me matar e quando terminam de comer e largam o prato em qualquer lugar, que odio",0
a minha tpm vai me matar,0
perdi metade dos potes aq de casa mamae vai me matar,0
o gustavo so falta me matar por causa disso,0
o financeiro da una ainda vai me matar de raiva algum dia ,0
"junior vai me matar, meu cabo do carregador ja ta com mal contato faz nem 1 mes que ele comprou p mim",0
to mt triste que tu nao gosta de mim o vou ate me matar,0
se minha tpm nao me matar minha rinite mata,0
eu to cansado de viver a vida por viver,1
minha avo vai me matar do coracao ainda,0
meu deus a mamae vai me matar,0
"eu odeio que me liga, no geral, mas me ligar pelo whatsapp e pedir pra me matar do coracao de odio.",0
esse dinheiro bem ai pra um corte que vai sarar em 5 dias? meu deus eu quero me matar,0
"alguem me ajude, eu nao sei mais oq fazer, a colica vai me matar aaaaaaaaaaaaa",0
mej deus eu vou me matar,1
vou comer muito hoje porque eu vou me matar hoje anoite,1
quer me matar?,0
dei uma volta de moto c o vagner domingo e a casa 1 minuto eu falava p ele nao me matar kkkkkkk,0
era so deixar a gente escolher cucetaaaaaaaaaa vai se fudeeeer eu cai no grupo do samurai eu vou me matar,0
nossa quer ver me matar e fazer ignorancia com a minha vo,0
kkkkkkkk irmao tem um brownie la que parece mt bom mas deve ser 30 reais vou me matar,0
quer me matar do coracao so pode kkkkkkkkkkk,0
mds quebrei o prato chique da mae ela vai me matar socorro,0
"um irmao ali, falando que vai me pegar e vai me bater, me matar, vai fazer tudo de ruim. eu passo perto do brabo, ele falta comprimentar kkkkkkk",0
a marina deve estar querendo me matar!,0
cheguei na minha vo e ela ta querendo me matar porque diz ela que ela so atrasou o almoco porque tava tik tok e que ela agr ta viciada,0
"isso tudo porque to com o oculos antigo que tem o grau errado, nao enxergo porra nenhuma e a otica ta me enrolando horrores pra enviar o novo devem ta esperando eu terminar de me matar eu acho",0
minha vo saiu e pediu pra eu fazer alguma coisa mas agora nao lembro o que foi ela vai me matar kwjdjskkxsjhxk,0
"qeria mt ter um crocodilo de estimacao, que nao quisesse me matar",0
vou me matar.,1
eu quero me matar,1
"minha vo prefere que eu pague van pra ir e voltar do dotti pra chegar em casa e me matar pra comer rapido pra dai pegar onibus pra ir e voltar do trabalho, doq me colocar no ps que e so eu pegar o onibus de manha e de noite e ja tudo pronto so falta os papel, a vai se fode",0
to deixando bem claro que eu nao gosto da elena e acho ela sim uma personagem podre......eai vai fazer o que?? me matar por ter opiniao propria??????,0
fui no mercado e voltei destruida.. serio esse sedentarismo vai me matar,0
itzy maluquinhas nao pode me matar assim do coracao,0
"ah sim, vc e tipo o it a coisa? sabe que tem permissao pra me matar fa ok?",0
porque vcs querem me matar,0
nossa como e bom estar de tpm vou ouvir o evermore agora e me matar,0
quer me matar e eu pedir opiniao pra uma pessoa e ela responder com escolhe o que vc se sentir melhor,0
uma boa ideia unha postica nunca usei mas tem pequena ne porque se for grande capaz de eu me matar com elas,0
vou me matar,1
desenhei a garota que vai me matar de ansiedade vulgo billie eilish,0
vou me matar,1
mds alysson vai me matar do coracao kkkkkk,0
"e a minha familia que todo mundo quer que eu e o gustavo tenhamos filhos agora kkkkk, pelo menos se acontecer sem querer ninguem vai querer me matar kdkckdkc",0
"eu admiro ver as pessoas que ainda tem expectativa para o futuro delas, porque pra mim se eu nao me matar daqui para o final do ano eu saio ganhando",1
kkkkkkkkk ai elas querem me matar,0
eu amo o conceito dos crentes de agradeca a deus por vc nao estar morto obrigada senhor pelo mimo de nao fazer uma carreta passar por cima de mim e me mandar diretamente para o inferno vc e tudooo,0
ele ja cantou 4 musicas eu vou me matar,0
"estou a gostar bwe de passar a maior parte do tempo a pensar em ti, principalmente quando estou a conduzir, se queres me matar avisa caralho",0
vai me matar de rir caraio,0
eu nao quero mais viver so incomodo e atrapalho,1
"essa colica vai me matar, certeza ",0
que homem lindo me matar,0
o siso vai me matar,0
la em casa eu quero ser a super nanny que ensina tudo com calma mas infelizmente e tudo ao contrario eu grito bato xingo chamo nome ruim acho ate vou infarta no final ainda falo vc vai me matar quem me deixa assim uma crianca abencoada tem 6 ano ,0
eduardo eu vou me matar,1
desisto vou me matar eu nao sabia,1
namoral me matar de fazer prova pra ganhar 5 ponto e de fuder viu,0
meu refluxo ainda vai me matar kkkkk acabei de me afogar c minha propria saliva meudeus,0
o senhor esses velhos ainda vao me matar de preocupacao,0
"quer me matar? escreva meu nome com k , porraaaaaaaaa e carol com c.... c de caralho ",0
um dia lewis hamilton vai me matar do coracao com esses stories ,0
happy bday neiru honrando o time pra ninguem me matar dps,0
"e esse mesmo, eu so queria me divertir sendo ruim em jogos. mas os viciados de anos tem que me matar 10x na partida.",0
vc quis me matar primeiro,0
hygor eles nao postam no tt sela eu vou me matar,0
tive uma crise fudida ontem e agr minha mae nao quer me deixar sozinha achando que eu vou me matar,1
adriane vai me matar quando ver as fotos que eu postei no status ,0
"tia lu fez um empadao,que nao deixei nada pro gabriel kkkk ele vai me matar",0
porra 30 de julho serio billie eu vou ficar 30 dias esperando isso vc tmlc quer me matar puta,0
"nao vem com essa historia pro meu lado de me mandar assistir uma serie, e ela so ter uma fucking temporada. quer me matar me da um tiro",0
"sol vai me matar com suas observacoes, estarei deixando avisado aqui..",0
"ela ainda ia deixa o damon morrer sozinho, quem faria uma coisa dessas mano!!:!:?:?:!:?:!/ s s que",0
aiai eu so quero ver se amanha a minha mae vai me matar ou so me espancar mesmo,0
vou me matar foda-se,1
amanha vou na psiquiatra serio se eu tiver no mesmo estado que hj ela provavelmente vai me internar ou eu vou me matar antes de chegar la,1
esse pessoal falando pra eu ir na campanha de vacinacao tao tudo querendo me matar,0
sonhei que o hulk queria me matar (?),0
vou me matar,1
meu santo rakin lena se quer me matar do coracao... ta tao perfeitinha aaa,0
"eu nada. to so falando as verdades nessa rede. a milicia dos cactos vai me matar em breve, mas nao tenho medo dessa organizacao criminosa e fedorenta",0
lembrando aqui que comi doce de leite tambem. vou me matar,0
"oww meu bem,okok,n vou me matar.",0
faz uns 5 dias que eu nao penso em me matar sera essa uma evolucao???,1
"ai que vontade de me matar, que saco",1
mais um dia cancelando minha aula de violino. meu professor vai querer me matar,0
billie eu te amo mas vc quer me matar de ansiedade,0
"com a dor de garganta que eu to, se me matar eu vou agradecer kkkkk brinks, porque ?",0
por que que isso ta acontecendo cara kkkkkk querem me matar,0
"ai acordei triste, vontade de me matar",1
de um serial killer me matar no banho enquanto eu to com sabao no rosto,0
tentando entender quem sao essas pessoas e quais delas querem me matar,0
vou me matar,1
so 30 de julho quer me matar billie,0
"perai phabell, ce quer me matar?",0
vcs querem me matar fala logo,0
um dia essas montagens vao me matar do coracao,0
nao acredito que ela ta passando anime na aula vou me matar,0
e eu que sonhei que o thomas shelby queria me matar kkkkk,0
vou me matar,1
acordei com uma foto dessa quer me matar shawn mendes???,0
quer me matar e beber agua igual pato,0
o pull na minha secundaria eu vou me matar o natsume pistola,0
tenho coracao fraco e sou uma pessoa muito ansiosa!!! voces querem me matar???,0
se eu nao comesse guacamole hj acho que minha lombriga ia me matar,0
"vou me matar pra conseguir, mas vamos conseguir!",0
ta querendo me matar ne,0
indo me matar,1
vou me matar,1
que inferno de desgraca e essa meu deus que horror vou me matar,1
"a ed fisica hoje tentaram me matar viu, levei chute na canela, cutuvelada na garganta, to toda arranhada, meteram um murro no meu peito, to e morta",0
itzy vcs vao me matar cm esse cb puta que pariu,0
"gente eu to sem acreditar, minha pressao ja caiu, eu ja surtei, eubja gritei, eu ja pulei, billie ainda vai me matar serio",0
acho que minha cachorra quer me matar,0
"dm, to com medo de aniplex me matar kk",0
carol borba vc quer me matar sim ou sim,0
ta querendo de tristeza me matar a essa hora ???:!:!,0
queria poder mandar o getulio vargas enfiar o plano cohen no cu uma pena o desgracado ja estar morto,0
"caralho irmao quero me matar real, nao aguento mais",1
30 de julho billie???? voce quer me matar??,0
eu to na casa da minha amiga e ela falta me matar de fome,0
porque vc ama me matar hein,0
takemichi: mikey nao se mate mikey: nao vou me matar obrigada *saem felizes e juntos* *takemichi tropeca e cai*,0
"revi o video que eu fiz quando cria pra restart e pela primeira vez nao quis me matar de vergonha, pelo contrario, me achei a coisinha mais linda do universo, superei essa merda, gratidao",0
os emo quer me matar,0
30 de julho billie eilish vc quer me matar de curiosidade,0
"era so uma pilula que fizesse a gente ficar gostosa nao aguento mais me matar nesses treinos, scrr",0
esse episodio vai me matar do coracao,0
"se quer me matar de curiosidade, me manda oi tudo bem e some.",0
a lagrima caindo ali meu deus vc quer me matar billie eilish?,0
ainda deitada essa dor nas costas vai me matar,0
to do lado da casa do joao sera que se eu for la almocar ele vai me matar?,0
medo de voltar com o ccat e mandaram eu me matar que nem da ultima vez ,0
"nossa eu quero me matar de vergonha depois de ler minha conversas antigas no messenger, depois de anos sem instalar isso pra queee",0
vou me matar eu falei 0,1
"maya vai me matar, mas fazer oq",0
e eu tambem nao vou me matar p pagar uber toda vez saio p qualquer lugar. nao adianta fazer mais divida porque eu sei que nao posso pagar uber. teve epoca que eu saia 4h antes do horario da faculdade e mesmo assim eu chegava atrasada,0
quer me matar e eu estar na moral e insinuar algo sobre mim,0
o liam quer me matar ne??? so pode,0
mazikeen smith um dia ainda vai me matar do coracao. ,0
vc vai morrer sozinho com a sua mao agindo assim...,0
legal vou me matar,1
gosta de me matar do coracao,0
a puc-sp ainda vai me matar,0
nossa a daianny vai me matar,0
comi muito vou me matar,0
saudades fevereiro quando so existia sonho erotico agora so sonho com gente tentando me matar voti,0
quando eles forem a gente ja vai estar morto,0
mds minha mae vai me matar,0
meuduus billie eilish meudeus vc me salvou e vai me matar do coracao mulherrrrrr,0
estou bem? nao vou estar bem em breve?provavelmente nao pretendo me matar? sim vou dizer o porque ou tentar continuar viva? provavelmente nao,1
minha mae ia me matar,0
"o instagram quer e me matar de susto, saporra!? eu fiquei geladinho",0
"quero me matar, so de imaginar ela ficando com algm doi meu coracao, pelo menos ela vai ta feliz",1
"ultimamente to sempre sonhando que tem alguem querendo me matar, devo me procurar?",0
"sisu vai me matar do coracao, nao guento mais esperar",0
kkkkkk nao tem como ela me matar se eu nao entrar na aula,0
ela vai me matar ainda,0
"eu vou continuar sendo solo e apoiando o trabalho do ot6 msm vcs me xingando, dando unf, mandando eu me matar e o carai a quatro",0
musica quinta e album novo ela qr me matar pqp,0
"nunca passei tanta vergonha na minha vida igual hj pqp ,quero me matar dps disso",1
foda-se eu vou me matar,1
": ja stalkeei?: simm : gosto de voce?: d+, d+ : shippo com: **** : confesso que: fiquei com medo da leticia me matar por querer amigar com vc : ppp: passo",0
"essa lua em escorpiao vai me matar, tenho absoluta certeza",0
billie eilish voce ainda vai me matar amdndifn,0
essa serie ainda vai me matar,0
eu jogo de lux e ainda nao achei nenhum zed digno de me matar e namorar cmg,0
"manchei de tinta o meu pijama preferido, vou me matar",0
"por mim nem grade tinha, ja iria logo pro colo do capeta, vai pra cadeia dps volta a cometer crime, melhor morto, morto nao comete crime !!",0
renjun vc e o meu fav do dream pra que me matar desse jeito???? eu te amo uaaaaaaaaa,0
txt vcs vao me matar serio nao aguento mais esperar que odio eu to muito curiosa,0
ia literalmente me matar de rir (),0
eu deixaria o dexter me matar,0
quando a colega ta aqui sao no maximo 7 consultas hj eu ja lancei uns 15 kskskskskssk vao me matar eu to sentindo,0
"e eu que li ""tentar nao me matar ne"" e eu quase respondi ""to assim tbm"" manokkkkkkkkkkk",0
toda vez que tu aparece na tml eu quero me matar apaga isso agr apague,0
eu vou me matar,1
esse negocio de dia das maes vai me matar de ansiedade eh serio,0
nao vai perder se eu nao me matar,0
"fala isso nao, vou me matar",1
michael myers veio me matar mas dai tava tocando sharp dressed man e agora estamos dancando,0
sonhei que aquele allan jeon tentava me matar me enforcando no meu quarto,0
isso ainda vai me matar kkkkkk pprt ,0
"eu quebrei essa merda desse botao, nss eu vou me matar",0
"tmb ja sofri bastante , mas me matar nunca . se matar nao tem volta.",0
fabiano vai me matar? vai me matar! mas eu vou comprar uma torneira gourmet monocomando kkkkk,0
"minha mae vai me matar na hora que descobrir oq eu comprei ou vai ficar feliz e eu nao vou ficar de castigo, medo de ficar de castigo kkkkkkkkk",0
"vc quer me matar so oq me faltava ne, coracao chega parooou",0
apetece me matar toda gente? sim,0
"vou, se a coca nao me matar o bolsonaro mata",0
vc quer me matar,0
draco vai me matar eu vou morrer dnv mlk,0
"eu esqueci que nao posso me matar ainda, ano que vem vou fazer tour pela europa",0
peguei o pc da minha irma emprestado e fui inventar de fazer um upgrade na ram do note e dei curto no terminal pelo amor de deus meu pai vai me matar fudeu,0
um dia o ale vai me matar do coracao,0
de madrugada meu gato tentou me matar ele pisou no meu pescoco,0
amassei o thome ele me deu 150 falou que foi facil e teve a pausa a msc p me matar,0
"bah sor, nao e mal vontade nao, e que tem duas resenhas pra essa semana e mais um livro que a gente vai ter que escrever pra portugues, eu estudei o geral da tua materia e fiz um texto, p/ mim nao vale a pena essa semana me matar por dois pontos, se nao tivesse nada pra fazer beleza",0
eu to tao curiosa pra saber o significado por tras dessas fotos p&amp;b serio a curiosidade vai me matar,0
"puta que pariu essa desgraca vai ganhar 1,5m quero me matar, tem pior ainda nos comentarios desse tweet",0
"a taciana tinha uma filha que era muito gata e depois acabamos ficando de dengo e ela comecou a me perseguir com uma arma para me matar, mas quando ja nao tinha mais lugar para eu fugir lembrei de alguem me contando sei la o que e disse para garota me matar e ela parou!",0
stan da jade que nao entende uma palavra do que ela fala = eu kkkkkkkkkk juro ingles britanico ainda vai me matar,0
por que eu nunca vejo quando meus pais me ligam mds eles vao me matar,0
participar desse reality vai me matar ainda juro,0
eu vou me suicidar,1
nao tenho um minuto de paz acabei de me matar fds estudando pra essa prova de manha e ja vou ter que estudar pra 2 aulas diferentes de amanha,0
vou me matar,1
esse tpm vai me matar um dia senhor ,0
nao aguento mais minha vida de empreguete,0
"eu tenho um deus que nao vai deixar essa luta me matar, o desespero me tomar",0
vou me matar,1
depois desse seu comentario vou ate me matar,0
se eu namorasse o joe e depois ele terminasse comigo eu ia me matar e nem to brincando,0
vai me matar do coracao,0
o ead e essa jararaca de professor vao me matar um dia,0
como pode ser um homem tao gostoso eu vou me matar,0
"eu comprei 11 case na shopee pro meu celular. mainha vai me matar quando chegar, pse.",0
"paulo jegue vai morrer sozinho, mas nao larga o ministerio. vaidade monstruosa!!",0
"eu estava em uma cidade onde tudo mundo era cego, ai eu descobri que era por causa de um demonio (ou algo do tipo) e ele queria me matar, ai teve perseguicao em uma cabana na floresta, cortamos a cabeca dele, apareceu um urso e comeu a cabeca, ai o coiso possuiu o urso, acordei",0
"poxa... ai e complicado, o rook eu encontrei ele a semana atras quando o vil queria me matar, ele me ajudou e sumiu... nao temos paradeiro dele, e o ruggie abriu um restaurante com o jamil la na cidade dele, ele ele vai demorar pra vim, mas vou mandar o recado pra ele pd deixar",0
eu acabei de ver uma imagem da sucrose comendo o albedo com um pintao......... eu nao quero mais viver,0
"queria ter coragem de acabar com tudo, me matar ou sla",1
eu esqueco de privar tudo mundo da minha familia do status qnd eu posto algm tiktok ou meme que eles entendem errado so faltam me matar k,0
mds jafar ta me encarando como se fosse me matar,0
minha mae vai me matar,0
essa minha ansiedade vai me matar,1
segunda vez que me marcam nesse video hoje meus oomfs estao tentando me matar sabem que eu nao resisto ao jinho de cabelo preto,0
fui na academia hoje com a minha mae ela quer me matar,0
irmao odeio isso que saco parece que ta todo mundo me vou me matar to falando serio,1
"porra, spotify familia vai ficar 34 reais? meu padrasto vai querer me matar",0
vou me matar,1
eu nao quero mais viver,1
"eu fiz varias comprinha boba na shopee, minha mae vai me matar ",0
"irmao nmrl eu gastei 5k de v-bucks no code da org pra firma receber, vou me matar kkkk",0
todo mes eu dizendo que minha tpm ainda ha de me matar,0
porem amanha tem prova de fisica pra me matar,0
"se eu nao der um jeito no meu sedentarismo, ele vai me matar.",0
nunca quis tanto me matar,1
"a lett ainda vai me matar do coracao, eu to avisando",0
ai sinceramente eu vou me matar fds,1
a patricia quer me matar hahahahah,0
mas fazer o favor de vir aqui me matar vc nao vem ne boneca??,0
pronto cara precisava me matar do coracao assi nao,0
"minha vizinha quer me matar escutando belo, ta vindo ai o mais temido entre os brothers: a famosa bad",0
nada mais pode me matar porque eu ja morri na segunda foto,0
"essa professora ta de brincadeira com a minha cara eu atrasei todas as outras materias pra entregar as 300 atividades que ela passa de uma vez so e sem explicar, entreguei tudo em dia e ela me deu dois de media porque uma das atividades estavam em pdf vou me matar fds",0
meu gato escuta o barulho da agua e so falta querer me matar,0
"assim eu pegaria tambem, eu vi ela fazendo a matricula do meu lado e ainda assim fiquei c medo, se acontecesse algo comigo mainha ia me ressuscitar pra me matar dnv de cacete tmj",0
irmao o mafuyu cantando com o yuki mds eu vou me matar yuki me espera eu eu to chegando,0
elas vao me matar sem zoeira,0
colica vai me matar,0
bighit so falta me matar vei,0
serio par jisung porque tenta me matar?,0
essa mulher quer me matar,0
toda vez que eu to triste eu penso em me matar,1
"bah so vou me matar nesse projeto da facu porque preciso do money, essa lenga por dinheiro aqui em casa me enlouquece.",0
"irmao eu vou me matar serio kkkkkkkkkkkkkkkkkkkkkkk""menstruacao e coisa de mulher porca""",0
quer me matar do coracao,0
yuqi minha querida nao tinha necessidade de vc me matar desse jeito,0
"amg ele acabou de tentar me matar, nada mais justo pagar na mesma moeda",0
esse elenco vai me matar,0
"se eu nao me matar essa semana, nao me mato nunca mais",1
essa mulher quer me matar de curiosidade,0
vou me matar,1
eu to morrendo de colica tipo eu tenho certeza que meu utero ta tentando me matar porque nao e possivel,0
"nao tenho fome, pao eu ainda tento, as vezes, mas quer me matar e cheiro de ovo...eu nao sei como esse povo encara ovo de manha!",0
e tu que quer me matar,0
"vo comprar bolinha de piercing e colar nos lugares que eu quero furar e apenas aparecer, se meu pai nao me matar ai eu vou la e furo stonks",0
gente pelo amor de deus eu vou me matar,1
a minha mae vai me matar quando ela chegar em casa,0
"to quase fazendo uma tatuagem no pescoco hj, e escondendo com o cabelo ate o mes que vem pro meu pai nao me matar agr kkkkkkkk",0
vontade de desativar tudo e me matar logo,1
"eu babo na minha gata, sei que ela sempre tenta me matar, mas amo ela",0
"mais um motivo pra me matar, se seguir assim eu nao duro ate meu aniversario",1
esses dois jovens lindos tentaram me matar violecia contra o idoso e crime,0
kkkk v5 voce vai me matar de ansiedade por isso vou dormir,0
"meu aparelho vai me matar, minha boca ta toda cortada que odio",0
eu me pergunto isso o tempo inteiro sobre tudo o que ele lanca... o que ali na narrativa e real e o que e um personagem! crl ele quer me matar,0
eu sonhei que alguem tava tentando me matar,0
e mais os mongos ficam tentando me matar,0
"eu chorando no banheiro* meu pai: luiza? cade vc? morreu ai? eu: infelizmente nao ele: oloko filha, abre ai tadinho, ele acha que eu ainda tento me matar kkkkkkkkk",0
"eu fico imaginando o jorge nisso, eu ia me matar de rir",0
"sim, 2 delas temtadwm me matar",0
ontem foi aniversario do meu sobrinho e eu esqueci de dar parabens  minha irma vai me matar,0
"e bem isso amg, e eu to me ocupando aprendendo novos instrumentos, se nao so limpar casa e ler iria me matar",0
eu fico imaginando eu num ligar que tenha esse brinquedo cheio de crianca ai eu vou ficar rindo que nem hiena engasgada das crianca se batendo e os pais delas vou querer me matar,0
e cara ele falou que ia atras de mim na escola por que o burrao aqui deu todas as informacoes e o foda e que eu tava com mt medo dos meus pais descobrirem eles iam me matar na hora so que no dia eu nao podia faltar porque era jogos e eu era titular no time,0
"spoilers soc . . . ""sua risada me perseguia ao acordar. voce sempre odiou minha risada. eu amava sua risada, nina. e seu coracao feroz de guerreira. eu poderia ter te amado tambem. eu juro que vou me matar eu juro mesmo eu nao aguento mais",0
a menina do meu estagio deve estar querendo me matar ,0
minha mae vai me matar quando aparecer com mais um gato em casa ,0
"sobrou tanto doce do aniversario do mano, vou me matar comendo",0
irmao eu vou me matar,1
vou me matar felipe,1
ficarei o dia todo sem oculos entao so falarei aq amanha porque tenho que me matar p ver as letras,0
minha escola quer me matar,0
"minha mae me mandou ir almocar e mandei foto de um todinho pra ela, to vendo que ela vai me matar",0
"independente da questao ""nazista"" eu tambem nao apertaria a mao de quem, caso houvesse oportunidade, tentaria me matar. sobre o fato do nazismo, existem alguns documentarios que dizem que nem todo alemao era nazistas muitos foram obrigados a se alistar ou morriam como traidores.",0
eu vou me matar,1
"por causa de tudo, quero me matar",1
mamae vai me matar se eu fazer ela gastar mais 250 reais com outra blusa do flamengo mas a do mundial ta tao lindinha,0
amg eu gosto mt de aranha aquelas peluda grandona mas ej morro de medo dela me matar kkkkkkk agonia mas ao mesmo tempo gosto mt,0
"pelo visto a minha vida vai ser so dor e sofrimento, entao pode me matar deus, eu nao quero mais",1
eu vou me matar.,1
"manchei minha blusa toda tentando passar um ngc no cabelo, minha mae vai me matar vou com deus",0
"nao entendi nada, mas fiquei toda arrepiada e curiosa, vai me matar de novo",0
nossa depois dessa ate vou me matar,0
aff irmao se for assim qualquer sonho meu envolve alguem querendo me matar ja sonhei que o lucifer queria me matar,0
a summer vai me matar mas enfimkkkkkkkk,0
sabrina vai me matar,0
real madrid e flamengo no mesmo dia e pra me matar,0
"falando nisso eu sonhei com a camila cabello querendo me matar, alguma camila ira estragar meu dia fica vendo",0
pita que pairu fudeu que odio ela comentou um negcoio me matem que odioodiodoiodoiodoiodiodidodiddodid voi me matar seroaaaaaaaaaaaaaaaaaaaaaaaaaaaaaaaaaaaaaaaaaaaaaaaaaaaaaaaaaaaaaaaaaaaaaaaaaaaaaaaaaaaaaaaaaaaaaaaaaaaaaaaaaaaaaaaaaaaaaaaaaaaaaaaaaaaaaaaaaaaaaaaaaaaaaaaaaaaaaaaaaa,0
"meus pais vao me matar, eles so sussegam quando me veem ou chorando ou me cortando",1
cala a boca caramba eu em. nao sei se ele ta falando que so acredita vendo meu amigo que e maior que o seu ou se e tu tentando me matar,0
"quer me matar e ficar fazendo joguinho de interesse, seus amigos nao fazem isso kkkkkk",0
"dificuldade pra dizer que ama escrever sobre a vida e mais simples que viver se nosso prazer so se encontra na cama sinceramente, eu nao quero mais viver (...)",0
"a ana e a cris quer me matar do coracao, quero ver o rostinho do nenem delas logooo",0
"vou me matar, ja tem das duas tambem amg, escolhe alguem de fora da stan list, pode ser a bella com a devon?",0
gi eu vou passar mal vei... esse filme vai me matar irmao,0
meu deus eu sujei a mesa toda de tinta meu pai vai me matar,0
"eita prr, vai fazer oq? me matar? me atropelar? me jogar de algum lugar?",0
mds nao tem jeito vou ter que me matar,1
"entao vem... me faz amar voce que eu to louco pra dizer que nao vou mais te deixar, eu nao quero mais viver sozinho, sem voce... ",0
lembro nem o ano minha mae so falta me matar porque na ginecologista tem que falar ne,0
fofo porque se fosse cmh ia me matar,0
"esse projeto de administracao vai me matar e eu nao consigo fazer nada meia boca old, entao eu vou acabar comigo mas vou entregar um projeto perfeito",0
que odio vou me matar,1
nossa nao to acreditando que eu tava passando os stories de boa e o menino me posta a foto de uma lacraia gigante eu vou me matar,0
eu vou me matar,1
eu vou me matar,1
um minuto de silencio para essa perfeicao. o gulf sabe como me matar,0
ele ja tentou me matar..,0
"entao... tem a ver com aquelas ameacas que te contei a um tempo atras. tentaram me matar, eu fui atropelado.",0
meu deus goce quer me matar,0
paulo gustavo sai logo desse hospital pra vc me matar de rir e chorar no 4 anda eu confio,0
"minha vida tem sido dormir, estudar, comer, malhar, chorar e tentar nao me matar",1
sim eu quero me matar,1
"bom dia, perdi todas as minhas aulas, minha mae vai me matar",0
meu deus eu vou me matar meu deus to um passo de jogar tudo da que de cima fi,1
"se o odio do governo nao me matar, o colesterol mata",0
a minha amiga vai me matar  te amo,0
ultimo comprimido do anticoncepcional e nao tem outra cartela acho que vo ter que me matar ne,0
eu lembro ate hj que eu sonhei que o seguranca da moto que faz uiuiui tentava me matar,0
mds netflix meudeus nao precisa me matar tao cedo assim limda eiehwjsihwisuqiaioqjsoqhsoqhsjqjiajajajqisjoqjsiaoao,0
eu vou me matar de rir,0
"nossa acordei so agora, porque tem gente mandando eu me matar?",0
mulher que tirou a foto da minha identidade voce e uma vagabunda piranha desgraca puta vadia calcinha dura nojenta eu espero que voce caia da escada eu te odeio voce e ridicula tomara que perca o emprego tambem eu vou me matar por sua causa e voce vai receber uma carta,0
josh vai me matar,0
deus ta implorando pra eu me matar nao e possivel,1
porque eu sou assim vou me matar,1
nanda eu vo me matar irmao,1
"mas uma manha nada produtiva, mds a preguica vai me matar ainda",0
vo me matar,1
me matar pelo porr da empresa p esperarem ate literalmente o ultimo dia de contrato p me contarem que nao vao renovar,0
um aviso d que eu vo encontrar o teccho e ele vai pedir pra comer sapo dai eu vou invadir o predio do vizinho ora catar sapo pra ele e os sapos vao tentar me matar ??? ok ent,0
voce quer me matar eh isto????,0
vou me matar,1
esse homem vai me matar,0
"tira a mascara do meu interior, revela quem eu sou, eu nao quero mais viver, como eu estou quero a sua vida em mim senhor! tira a mascara do meu interior, revela quem eu sou...",0
tudo dia eu fazendo meus amigos se sentirem desconfortaveis talvez eu devesse me matar,1
o amaro querendo me matar do coracao falando que o livro nao tinha chegado,0
minha mae vai me matar por nao fzr o cha dela i vote for at the,0
acho que essa pessoa pode me matar e ainda assim a maria eduarda nao vai deixar de gostar dela nunca! muito bom,0
qualquer dia desses meu periodo mesntrual vai me matar,0
vou me matar ora acabar com isso logo,1
"matando a distancia tipo voodoo ces ta igual rodrigo faro, chorando por causa do... gugu! rimando mais que o kendrick chapando mais do hendrix se alguem me matar eu sou fenix de adidas, public enemy hennessy xan e lean possuido igual emily",0
"vontade de me matar, bullying, ansiedade e disforia de genero",1
"ele quer me matar, serio.",0
"se o estagio nao me matar eu juro que mato o estagio! que merda essa droga em ead!!!!!!! nada e realista, mas gente te que ser. ah toma no cu! so quero me formar! quando tiver dando aula de verdade eu me viro, nao to aprendendo nada que ja nao soubesse mesmo.",0
enxaqueca ainda vai me matar um dia,0
vou me matar ,1
meu deus eu amo tanto a risada do gyu vou me matar,0
vou me matar,1
o irmao vou me matar,1
"quando minha mae descobri que fiz recarga no meu celular com o cartao dela, vai me matar ctz kkkkkkkkkkkk",0
"voce nasceu sozinho, vai morrer sozinho, conte somente com voce. .",0
minha mae queria me fazer cheirar alcool essa mulher quer me matar so pode,0
@ nao sou que quero me matar. paz,0
ta querendo me matar do coracao e jun,0
vc eh tao linda jeaus vou me matar,0
essas provas tao pra me matar,0
"deus, me explique, porque eu sonhei quenum monstro gigante feito de tinta branca pra parede ia me matar?",0
"sofro com isso com o vizinho de cima , tenho medo de ir falar e sei la o cara ser agressivo e me matar que gente ri mas o que tem de gente sem nocao",0
vcs querem me matar do coracao,0
na moral vou me matar,1
"mano, hoje eu sonhei que era biologa marinha de um projeto nos eua e um dia fomos mergulhar pra explorar uma especie rara de peixe. analisando o peixe descobri que ele produzia uma substancia que ajudava no combate a covid 19, ai o governo americano meio que mandou me matar kkk",0
estou indo me matar neste exato momento. adeus.,1
essa mulher ainda vai me matar com tanta beleza ,0
ai mas que estresse tpm desgracada putinha de merda quero matar alguem e me matar depois,0
essa mulher ainda vai me matar com tanta beleza... to passando mal carla days,0
"o cara dentro do onibus falando que esta na hora da morte, ta me dando vontade de descer do onibus e ir andando, vai morrer sozinho, eu em",0
"o jao vai morrer sozinho mesmo, tadinho",0
shawn ta querendo me matar,0
bom dia best vou me matar,1
"vsf fazia tempo que nao ficava mal assim, acho que nunca me senti tao idiota vontade de me matar",1
eu nao quero mais viver,1
"sinto que to sempre incomodando todo mundo, vou perder meu emprego e me matar",1
c verem essa foto vao me matar,0
eu queria era me matar,1
"quando eu tenho crise me sinto mt culpada porque aqui acham que eu quero estar assim, que ridiculo. minha mae faz eu me sentir culpada por isso e ela nem percebe da vontade de me matar, so pelo peso que eu sinto que sou.",1
essa cena vai me matar de ansiedade,0
ja mandaram eu me matar por nao achar o l bonito a,0
lunna clara acabou de me matar do coracao apos uma crise alergica e eu achei que ela tava morrendo,0
ainda vai me matar,0
a realidade e que a vida de todos ia ser melhor sem mim,1
o gatilho irmao eu choro so de ouvir qualquer mencao de turne agr ele quer me matar de chorar,0
como faz para abandonar a escola sem minha mae me matar,0
vou me matar,1
shawn tirou o dia pra me matar,0
irmao do ceu esse menino ainda vai me matar do coracao,0
ele ta tentando me matar,0
"benjamim ainda vai me matar do coracao....abriu a porta sozinho e foi pra beira da escada, nunca corri e gritei tantoooo que desesperoooo",0
academia vai me matar essa semana de novo,0
campa mais vai me matar nao,0
nao ta funcionando vou me matar,1
tailane vai me matar que eu cortei o cabelo,0
ela vai me matar do coracao e hj msm ,0
vou ter que me matar de estudar programacao,0
nossa que vontade de me matar puta que pariumlk,1
eu to muito ansiosa essas semanas vou me matar em crise ate meu pai vir,1
"quer me matar e contar piada pra mim,a pessoa se sentir pqp e aquilo ne,quem tem boca fala o que quer",0
"serio, eu ja to de saco cheio do colegio e dessa merda toda. esse ano eu me formo e depois disso nunca mais piso em um colegio na vida, vou fugir ate da faculdade. nao quero me matar de estudar pra la na frente nao conseguir ser ""alguem"" na vida.",0
ainda vao me matar qualquer dia! da ate vontade de se apaixonar hahaha,0
"lu- amg , tu quer me matar me chamando de lu? sou do estado do rio , moro em rb",0
catita so faltou me matar na ultrassonografia,0
vou me matar,1
pra ter esses albuns imagino kkk acredita que eu perdi uma oportunidade de ter a versao da tiffany de igab?? minha irma quis me matar por ter escolhido um album do boyfriend na epoca ao inves das soshis kkk (tira fotinho da colecao dps se vc quiser xd acho tao fofinho),0
"se fosse assim ninguem podia falar ""morta"" ou ""vou me matar"" porque e piada com homicidio e suicidio kkkkkkkkkkkk.",0
"queria ser criativa a ponto de ter sonho assim meus sonhos ou sao ate que bem realistas, ou extremamente ridiculos do tipo minha coisa que segura bolsa ter vida e um clone do mal dela querer me matar (e eu nn conseguindo me mexer)",0
corretor do convenio ta querendo me matar,0
"eu aceitava se for sequestro pra me matar, bom se for pra ser modelo em dubai, bom tambem tudo lucro fml",0
tirando a parte que ele queria me matar porque eu sai o final de semana todo sem ele ,0
tirei 7.5 na prova mais facil do mundo alg me da um tiro. a minha mae vai me matar,0
carregador i luminaria de bonus ainda vai explodir e me matar besta eh o vei que vendeu so por 20,0
tava fazendo a prova esse tempo todo sem ta na aula vao me matar,0
todo dia ele me manda umas coisas que eu me derreto esse menino vai me matar ainda kkkkk,0
a colica vai me matar esse mes slcc,0
eu quero me matar,1
eca comi um chocolate de menta quero me matar,0
mamae vc quer me matar,0
a gata quer me matar mas ta linda perfeita cheirosa y arrumada vai com tudo rainha pise em todes com sua beleza,0
essa maya vai me matar do coracao,0
tentando nao ficar mal porque eu dormi demais e perdi a hora da aula de hoje meu deus e so assistir a aula gravada porque meu cerebro quer me matar porque eu em 8 meses de ensino remoto perdi uma aula uma unica vez porque to cansada?,0
cade o resultado da primeira chamada da listda de espera??? vc quer me matar do coracao????????,0
pqp mulher vc vai me matar,0
eu ja acordei querendo me matar,1
minha mae quer me matar,0
"vou morrer sozinho, no caixao so cabe umkkkj",0
sempre foi um sinal pra eu nao ser fa dele porque se fosse algum outro eu ia me matar de verdade,0
"eu usava um de arma, minha mae ficava pra me matar mas faz parte",0
mais um dia e eu querendo me matar,1
eu vou me matar,1
"caralho jeca, voce quer me matar?",0
"gostei da sua motivacao mas eu estou no fundo do poco, posso dar ate algumas risadas, mas aqui, esta marcado que preciso me matar",1
a beatriz vai me matar akakkakakakakkakakakak,0
"aff bel, quer me matar",0
"sim pqp, mo medo de chega na parte toxica do twitter, pode ter alguem te assediando, sendo homofobico, mandando me matar, eu nao tenho cabeca pra isso nao",0
toda vez que eu coloco o pe na minha casa eu tenho vontade de me matar. incrivel,1
"acabei de entrar no insta, mew do ceu, quer me matar do coracao?!",0
essa olimpiada vai me matar,0
minha tia esqueceu de comprar dangerous e eros vou me matar,0
segunda vez que me mandam isso. vcs querem me matar,0
"o inicio do sonho la atras quando era um pobre mancebo que odiava a minha propria aparencia e achava que ia morrer sozinho, ate que ouvi o , , , , e falando que sim, voce consegue, com suor e labia voce consegue.",0
hoje e dia do flamengo me matar do coracao de novo,0
vou me matar,1
vo me matar,1
"gente a aurea no nossa tarde para me matar? filha, posso ter aulas ou tenho que congelar a matricula para te acompanhar?",0
"no dia que vc me matar do coracao vc me paga, infernooooo",0
tao tentando me matar essa hora do dia,0
"ele ainda vai me matar, olhe o que eu to falando",0
um mlk falou pra eu me matar so porque eu fqlei que eu nao gostq da dinamo e que eu gostei do pack das comidas kkkkk,0
que odio nao da pra da banho no meu cachorro sem ele me matar primeiro,0
"sinto muito pela morte da sua tia, mas vc disse que as coisas que eu falei na call te afetaram e causaram ansiedade em ti mas eu nao falei nd demais. mandaram eu me matar no meu ccat e etc e mesmo assim eu nao liguei, se fosse nao e madura o suficiente pra lidar com opinioes",0
"eu to comecando a ficar com medo, vei acho que new moon ta escondida debaixo da minha cama p esperar o momento perfeito e me matar enquanto eu estiver dormindo",0
"vou mandar na dm, medo de o estudio tentar me matar kk",0
"gente era meme, nao precisa me matar",0
nunca vou esquecer do dia que sonhei com um palhaco tentado me matar des daquele dia tenho trauma com palhaco ,0
vou me matar,1
vou me matar,1
"esse remedio vai me matar, comecei a tomar hoje e ja estou com a boca amargando e muito muito enjoada",0
essa professora vai me matar que inferno,0
"se eu depender da minha voz pra ser atraente eu vou morrer sozinho, ela parece a voz do chico bento crianca",0
"ai gente, oque alguem esta esperando pra me matar?",1
"gente pelo amor de deus um dia esse homem vai me matar, eu nao tava preparada pra isso",0
bem que eu podia me matar ne,1
niall vc vai me matar uma hora to nem brincando,0
faz sentido vc me olha seu nome,0
realidade: vc vai morrer sozinho,0
"ele ainda vai me matar, nao aguento mais ouvir a voz dele",0
hoje minha rinite vai me matar,0
hoje eu sonhei que eu era uma winks e as outras winks queriam me matar,0
vai ter que me matar pra ficar com ele sua cu de fossa,0
que desilusao eu nao quero mais viver,1
vou me matar,1
shawn vc quer me matar porra,0
minha mae vai me matar amanha,0
shawn peter raul mendes vc vai me matar filho da mae,0
essa professora ta querendo me matar so pode,0
garotoooooooo vc vai me matar,0
luisa vc acha quer me matar a essa hora da manha,0
chico buarque tim maia seu jorge me matar a cada dia com suas musicas,0
ele vai me matar do coracao,0
o shanw quer me matar seriooo aaaaa,0
hahahahhaha meus amigos the sendeiros querem me matar quando falo um negocio desses,0
esse livr vai me matar ta dando tudo certo to com medo porque ainda nao ta perto do final,0
vou me matar to falando,1
eu falto me matar pra dar uma boa imagem pra ca pra vir fi de pica inventar merda de mim se lascar,0
vei menos de uma semana de tattoo e ele arrancou as casquinhas todas ce tem nocao? kkkkk ainda me diz que saiu sozinho kkkkkkkk e pra me matar de raiva um trem desse,0
quer me matar d raiva e mecher nas minhas coisas sem me falar,0
shawn mendes voce quer me matar behsnsksjsusb eu nao tava pronta pra tanto mimo,0
"agora vou contar a triste historia de 2 neymar que se conheceram no meio da partida, ele ia me matar mas ai agachei para ele pois eu tava fazendo missao, ai ele tambem agachou para mim, ai nos vivemos felizes ate que ele foi enfrentar um cara e morreu (1-2)",0
"ta um sabao de liso o piso ainda, minha mae vai me matar",0
quero me matar nao acredito,1
gente a nicolli vai me matar algum dia,0
eu to apagando todas minha redes sociais e indo me matar,1
vc quer me matar ne,0
se eu contar isso p minha irma e certo que ela vai me matar,0
vo apresentar trbalho meud eus wuenodio eu vo me matar,0
eu quero me matar,1
"1 ano sem ver o breno, quando vejo ele tenta me matar",0
"um lado ruim de morar sozinho e que sempre que eu passo mal, penso que vou morrer sozinho e so vao sentir minha falta e achar meu corpo na semana que vem",0
real madrid e flamengo no mesmo dia e pra me matar,0
pelo amor de deus se quer me matar me da um tiro cara assim doi mais,0
as vezes me matar resolveriam todos meus problemas,1
me chama de nazista e vem me matar de tanto sentar em mim,0
"tentando ensinar meu cachorro a puxar o skate, todo dia procurando uma forma diferente de me matar",0
o sotaquezinho dele vou me matar,0
"como tu vai me matar, tem nem meu rosto",0
"eu vou me matar essa semana ainda e tu querendo cuidar do meu futuro, eh mole",0
nessian ainda vai me matar de amor eu juro,0
"nu quer me matar de raiva, faca isso !",0
meu deus shawn mendes vai me matar,0
nossa amiga que professora chata serio eu vou me matar ela e muito chata,0
ja abri a boca pro meu irmao do presente de aniversario dele vao me matar,0
se eu me matar e culpa do paulo,1
sarinha fudeu tudo lek nao vai ter maracana no final do ano minha mae vai me matar,0
eu vou me matar,1
to salvando um monte de unha pra fernanda fazer no dia da minha manutencao kkkkkkkkkkkkkk ela vai me matar,0
"millena pegou o uno da isabelle e espalhou tudo no chao, ela vai me matar",0
"nao faco ideia de onde ta o fone da minha mae, ela vai me matar",0
a tella escreveu o nome na carta ela vai trocar de lugar com a mae eu vou me matar,0
sofia wylie vc vai me matar neste filme.,0
vontade de me matar quando o uber nao quer fechar as janelas moco vai estragar toda a minha franja,0
"eu nunca iria receber aquele clovis paiva sendo prefeito, por isso digo que seu eu fosse politico essa galera iria querer me matar. keko tem que bater na mesa e dizer que vai ter reforma agraria, pois politico tem que ser viril e visionario.",0
sinusite vai me matar ctz,0
"sonhei que meu ex tava querendo me matar, esse corno filho da puta. ja e a segunda vez que eu sonho com essa praga so essa semana.",0
minha vo vai me matar... mas fazer o que ne,0
tia eu ja tenho um meu pai vai me matar,0
meu deus eu vou me matar,1
gracas a indi eu sonhei que eu a tava na lalu e a me dando bronca falando que eu ia morrer e que ela ia me matar dnv. (as suas palavras estao fudendo o meu sono dona indi).,0
foram 30 caralhokkkkkkkkkkkkk ele vai me matar.,0
@ seria ainda mais perfeita se nao tentasse me matar toda vez que eu tento comer,0
caralho cara quero me matar :|,1
"queria alguem pra conversar, sinto que posso me matar a qualquer momento.",1
"vou comprar um negocio, minha mae vai me matar, mas vou aceitar o risco porque e muito legal, mas ela vai me matar",0
um dia essa azia vai me matar,0
shawn e tarzan parem de me matar com tanta fofura,0
me matar talvez seja a melhor opcao,1
entendi vou me matar ent,1
eu vou me matar,1
shawnfilho da puta ta querendl me matar desgracado,0
boto mesmo eae? vai me matar?,0
vo me matar,1
me odeio me odeio me odeio me odeio para um caralho e quero me matar agora,1
ai e pra me matar,0
tu quer e me matar. huahsuhaushuha! eu to malhando aqui na machida do xopen.,0
ok vou me matar,1
meu deus ana nn se ele postar foto c aquele cabelo lambido destacando o cabecao dele eu vou me matar mas na realidade ele nao vai postar nada plssss,0
"haru voce disse que ia fazer uma thread com as nossas duplas, nao que ia tentar me matar do coracao",0
a unica coisa que eu quero agora eh me matar de 400 formas diferentes,1
vontade de me matar.,1
minha mae ta preocupada comigo e agora eu quero me matar,1
gente serio eu vou me matar,1
milena tu queres me matar nao e possivel,0
nunca quis tanto me matar,1
queria estar morto,1
vo me matar,1
deveria me matar,1
re vc quer me matar essa musica mds vc cantando ainda,0
shawn pelo amor de deus vc quer me matar,0
se eu nao sair logo vou me matar,1
quer me matar kerem filho duma egua,0
nao aguento mais ser inutil pra humanidade vo te que me matar,1
meu treino de pernas vai me matar? todos os dias kkkkk,0
a conta da vivian caiu porque ela mandou eu me matar ontem kkkkkkkkkkkkkkkkkkkkkkkkkkkkkkkkkkkkkkkkkkkkkkkkkkkkkkkkkkkkkkkkkkkkkkkkkkkkkk,0
tu ia ser a primeira a me matar,0
gigi quer me matar do coracao hoje aaa,0
se eu me matar nao vou ter aula mais ne boa ideia,0
meu pai vai me matar,0
the b voce vai me matar aindaaaaa,0
quer me matar que coisa lindaaaaa,0
o wes quer me matar,0
quem mandou me estuprar em 2018 apos eu ter que me mudar por conta da denuncia fiz? quem tentou me matar colocando fio desencapado vazando corrente eletrica na geladeira da kitnet onde morava em 2019? e por que?,0
deus me mata eu juro que voce pode me matar agora me mata me mata,1
" se a minha intensidade ainda for me matar, eu prefiro ter poesias e historias pra contar faltam 7 dias para meu girah. sarinha no mais voce",0
se ela me matar eu vou fica puta,0
essa faculdade ainda vai me matar,0
rtx1660 4 mil reais. quero me matar,0
lara vai me matar qualquer dia desses,0
"tenho que parar de comer lanche de segunda a domingo, isso vai me matar a qualquer momento",0
essa colica vai me matar,0
"quer me matar e mandar eu ir pagar conta, morro de medo de perder dinheiro dos outros",0
jaja faz um ano que a menina disse que ia comprar uma arma e me matar quando as aulas voltarem comenta,0
eu vou me matar,1
vitoria vai me matar,0
vou me matar,1
"caralhoow, quer me matar logo ? ksskkssk ai irmao te amo na moral, tava precisando ler isso",0
"minha irma fez panqueca e me serviu na cama, de certo ela esta planejando me matar ate as 20h",0
so wesley p quase me matar do coracao uma hora dessa ,0
"guilherme, eu universo ja tentou me matar diversas vezes, afogado, eletrocutado, por doenca, por queda, etc... voce acha mesmo que eu vou morrer? eu sou imortal",0
me odeio quero me matar,1
queria contar a fofoca pras minhas amigas vou? nao pq? porque com certeza elas vao me matar e amo voces lindas nao me matem,0
meu servico ainda vai me matar tnc,0
amanha tem dentista e a doutora vai me matar kkkk,0
"eu tive um pesadelo c gatos assassinos que tavam invadindo minha casa, dps eu tive que correr d uma vaca que qria me matar ou eu tenho um problema ou os animais me odeiam mesmo",0
hoje foi o pior dia que escolheram pra me dar folga e me deixar em casa sem nada pra pensar alem de me matar,1
"mds eu *preciso* me matar, agr nao e nem vontade e sim necessidade pqp",1
vitor eu vou me matar serio,1
esses dias mesmo sonhei que o mundo tinha sido destruido por uns monstros sinistros e a era uma vampira que queria me matar,0
mas atualizando num geral minha vida: tudo ta uma merda olha que delicia a depressao me pegou de um jeito me fodeu todinha awwn owwn minha crises tao pior e a vontade de me matar eh diaria e toda hora. to me sentindo vazia sozinha um lixo e to achando que eu tenho alguma outra+,1
"rapa quer me matar e maltratar os outros, principalmente por picuinhas. cuidado amiga, voce ta quem ta montando sua forca",0
voce. quer. me. matar?,0
terminei a prova foi de boa so vou ali fora me matar,0
a ponto de me matar,1
deixei meu celular com meus sobrinhos quase perco a ligacao dele minha irma ia me matar kkkkk,0
obg mae por fzr eu querer me matar todo dia da munha vida,1
quer me matar,0
eu fiz uma merda gigantesca no instagram do nosso evento meu professor vai me matar,0
"o colde comecar com gold, e pra me matar msm",0
faculdade porque queres me matar? vote for at the,0
"voce quer me matar, e so ficar fazendo barulho comendo do meu lado",0
"nao mas ja comentei ""nossa que lindo ele solteiro?"" e tavam juntos quis me matar",0
as provas da faculdade tao tentando me matar obrigadaaa vida,0
nao sei diferenciar lauda de pagina se eu me matar de escrever e ver que nao tinha necessidade eu vou trancar o curso,0
nao eu nao quero tratamento eu quero acabar com meu sofrimento,1
ai tu quer me matar kkkkk,0
lembra que eu falei que hoje ia ser bom. mais um vez errado. falo pessoal vou me matar,1
oi (vou me matar em breve ;-;),1
vou tocar quarta pra eu nao me matar porque nur,0
devo me matar agora ou depois?,1
